reviewId,userName,userImage,content,score,thumbsUpCount,reviewCreatedVersion,at,replyContent,repliedAt,appVersion
dc7e79b9-8d9f-43f5-82b2-e1fb7a983f20,John Carter,https://play-lh.googleusercontent.com/a-/ALV-UjVzxD8_9g6vXnnUWPLJdBPDgmZaqr5r2ejv4r87zLVmNjbZN6nV,it won't let me play the song üò≠,1,0,8.8.96.364,2025-07-26 00:13:19,"Hey there! We understand your concern about the app. We'd love to get some more info about this. If you have the time, give our Customer Service a shout. You can find them by heading to support.spotify.com and searching ""Contact us"".",2025-07-26 09:24:27,8.8.96.364
32307ca7-c256-4b6d-8a7f-2aa08c740f12,Keith Johnson,https://play-lh.googleusercontent.com/a/ACg8ocInprDL_6QszZ4_M0SetAn5jNy2Yo-GVpfeeBPLAry5ldastw=mo,"What changed? Nobody knows, the ""What's New"" info here in Google Play never changes. 41 updates in a row.",1,3,9.0.64.608,2025-07-26 00:08:54,"Hey there! We understand your concern about the app. We'd love to get some more info about this. If you have the time, give our Customer Service a shout. You can find them by heading to support.spotify.com and searching ""Contact us"".",2025-07-16 11:34:12,9.0.64.608
c9ba7776-1cdb-42a3-af99-d40d7091beec,Waryoba Ibrahim,https://play-lh.googleusercontent.com/a-/ALV-UjWV3kwuVibdSrP6685gslFymMzL7oUZf_09bUClFEh61LpKSq4,good app,5,0,,2025-07-26 00:03:55,,,
2dc32e9d-e20f-4ee0-877e-7571fc5e2528,Savita,https://play-lh.googleusercontent.com/a/ACg8ocLcpZXTN12VUERtRk8nLwgmkw6nyOxLkcyHRt9c9RpuWjsVyA=mo,nice,5,0,,2025-07-26 00:02:25,,,
b62a47f8-c6f4-401d-8bf6-fdbd24e57391,Nilukshan Krishan,https://play-lh.googleusercontent.com/a-/ALV-UjUQQMmBh25MCycg5t_ppmXinmLsqm9cagpWkmGlH6Qhgr8l2WWY,super..üí´‚ù§Ô∏è,5,0,9.0.62.622,2025-07-26 00:02:04,,,9.0.62.622
f2b6257a-9d66-4184-8468-497d49339887,Ram Ekbal Dubey,https://play-lh.googleusercontent.com/a/ACg8ocJBchIozx4175mUh1jBfLR1SJBtXdeqyWrDneJOCsYM8FoPLA=mo,great,4,0,9.0.62.622,2025-07-26 00:01:02,,,9.0.62.622
1da53719-5c34-4dfd-baf8-0e3265633afa,Banshidhar Kanha,https://play-lh.googleusercontent.com/a-/ALV-UjWt2fWMDa1AvwKHYfjlUZXzoXCUYfU3ldORlwgQTdi8_RrhEDpr,garbage material for online music streaming üòçüòç,1,0,8.8.74.652,2025-07-26 00:00:55,,,8.8.74.652
f0e882a3-d5e1-4e2a-a31c-783ee87f80c1,Abhishek Kumar,https://play-lh.googleusercontent.com/a/ACg8ocKgA14YUWvUA2QxhUynyG7-3u_zvtsncwO67LvR5S7QGEFx0g=mo,Amazing üòç,5,0,,2025-07-25 23:55:27,,,
97858f11-3abb-41e6-a1ed-3657546362d8,Marie Preiser,https://play-lh.googleusercontent.com/a/ACg8ocKpigqeJkHs3-oAuNnMdSk6XZ7o3uurbIhVL88dt7pmDcMOjWo=mo,"Awful if you just want to listen to a self created playlist, how is this the go to music app?",1,0,9.0.64.608,2025-07-25 23:55:22,,,9.0.64.608
f44cb5d8-9823-42e7-8a74-c1a9377664b1,vishal pinjar,https://play-lh.googleusercontent.com/a-/ALV-UjVt-SAM3tR9tyRSShM0KlhGSeWxXMp9lp6cDOwUJ9PBXGbcqVrD,very beautifully amazing worst app....,1,0,,2025-07-25 23:54:20,,,
146e2e85-e679-4056-8d7a-aedbb0b215a9,Celeo Moreno,https://play-lh.googleusercontent.com/a-/ALV-UjWxWBG5tBVvDDTGzEpgBDnorNPJ8_76pNczcUUISOgloCvFQ0XR,"I had to delete it because I can't make it stop playing everytime I end a call, connect to the car or headphones. so annoying that I had to uninstall it.",2,0,9.0.64.608,2025-07-25 23:51:42,"Hi. We appreciate you reporting this to us. Have you tried a quick reinstall? If that doesn't help, we'd recommend reaching out to our Customer Service at support.spotify.com. Just search ‚ÄúContact Us‚Äù, and they'll be happy to help.",2025-07-26 09:20:37,9.0.64.608
5793fa62-dc14-49ef-949f-6e53fc5a6e11,Hammad tariq Hammad tariq,https://play-lh.googleusercontent.com/a/ACg8ocJ0oVmJYHvDj0Wc0T2q5eoTAxQn_Y4G-wjKsWbyVsZGRn9Ocg=mo,satisfactory,3,0,9.0.62.622,2025-07-25 23:50:30,,,9.0.62.622
0d254c59-72c1-49e8-a0c8-57411a7a5aeb,Cota Bstone,https://play-lh.googleusercontent.com/a/ACg8ocLMx3ZUmj04F-HK_T37Vqev5eKMqJ7jAmeGsKxp-JnP-BatqQ=mo,its fantastic,5,0,9.0.62.622,2025-07-25 23:46:45,,,9.0.62.622
1ac65af3-b118-462d-b063-08d6a10c53d0,·¥ã…™…¥…¢'s ·¥è“ì ·¥ã…™…¥…¢,https://play-lh.googleusercontent.com/a-/ALV-UjX6mHz5rKMJSSdlFgZ9rcGATRLxXT0yJeF5HoRtuhdMO-M9uXjp0w,too damn ads man ?,1,0,9.0.42.529,2025-07-25 23:42:32,,,9.0.42.529
2443984b-3806-477c-bd14-953202d348b0,Jesse Corn,https://play-lh.googleusercontent.com/a/ACg8ocIrtjhXwG8gGBSN2caTFL0DGMXjoAf445eCmbIPnJHrAqV6XQ=mo,as long as I have worship music:::; ),5,0,9.0.62.622,2025-07-25 23:42:18,,,9.0.62.622
953cbf21-dee9-4167-b5e0-4ea20adb0e7b,Wira ACThinc,https://play-lh.googleusercontent.com/a-/ALV-UjUZZdw2zEP3aTrvMgZe00jGAaM8JGI8lXaptGyOg0KU42iYpyD6ug,Now going bad,1,0,9.0.62.622,2025-07-25 23:40:06,,,9.0.62.622
d9fca9bf-c348-4942-bc2b-f8b9858badec,Logy Mohamed,https://play-lh.googleusercontent.com/a/ACg8ocIXsUHPEbbFh4gYCojAucVidQNnLlu35NXgXDlVhz1MemMbOw=mo,üëéüèªüëéüèªüëéüèªüëéüèªüëéüèªüëéüèªüëéüèªbadddddd,1,0,,2025-07-25 23:40:01,,,
757f3fa0-a155-4ec4-b0dd-edb82372bc80,Ryan ‚ÄúJustLeppo‚Äù Leppo,https://play-lh.googleusercontent.com/a/ACg8ocLaMi5x0xMC0RRxydi1EDy7rXwl3HVvIyfKjQTZwUR2uN3nhu8K=mo,"1) ""now enjoy the next 30 minutes of ad free music"" 2) 3 minute song plays 3) ads",1,0,9.0.62.622,2025-07-25 23:36:59,,,9.0.62.622
faa46f7f-55b8-45ab-976f-5b44649382ce,Ismile Sekh,https://play-lh.googleusercontent.com/a-/ALV-UjWWNy9QePgY3SQqFoZeIFmwJsH8vP4vABKcZvhjdIi3kIlvinyr,nice,4,0,,2025-07-25 23:36:27,,,
a5b6a991-cc0e-4f63-a93d-450eb3bb30b4,Brayan,https://play-lh.googleusercontent.com/a-/ALV-UjX2ffGoJvFS331kyANFXzHvUtCTQWtt3dbu2weRvjQd4qWS8VEu,It's a good app but why did the price increase a littleüíî,5,0,9.0.62.622,2025-07-25 23:33:19,,,9.0.62.622
c07db55c-78dc-4be5-99af-5d6948b55e4e,Kent Gonzales,https://play-lh.googleusercontent.com/a-/ALV-UjUYcnc1r3wCTuGnQpkr0iL_6GXC1-oA-DQmRJ7yViD6Q0URUaQ8,Nuicee üôÇ,5,0,9.0.22.543,2025-07-25 23:32:02,,,9.0.22.543
d080ddeb-52be-4f6e-96ef-3f0a8488f245,amry kalimas,https://play-lh.googleusercontent.com/a-/ALV-UjWWQFbrX9Y7EKM_aUMJu1dvXRc5izDfB_nQAUX_29ciC_UZSKA,inaniwezesha kucheza muziki hata kama sipo kwenye app hivyo naweza endelea sikiliza ilhali nafanya vitu vingine kwenye app zingine tofauti,4,0,9.0.62.622,2025-07-25 23:30:44,,,9.0.62.622
d314d394-6946-4ac2-ba17-60a32f208558,Zwelihle Mazweli,https://play-lh.googleusercontent.com/a/ACg8ocLlkLIjNke8vcwGSdLFPm3BxkUoRHlbzFNqY2TKi9MhQ_DlXg=mo,this app play songs online ..and when you're downloading music..you suppose to download a album..or EP of that artist you like... also hre on Spotify it's scase to download a single song...,5,0,9.0.62.622,2025-07-25 23:28:57,,,9.0.62.622
085e73a0-47be-4494-a51e-1973c0e88eef,Park Taimin,https://play-lh.googleusercontent.com/a-/ALV-UjXKClGnvUrilrXbGILmgW-vTDhAfcKnUuVhgbsv1TcrTsDXeLY,Too many ads. STOP BEGGING PEOPLE TO BUY PREMIUM.,1,44,9.0.62.622,2025-07-25 23:28:12,,,9.0.62.622
60c8fd2e-488e-4f14-8f90-c6f69f485c31,Prashant Sapar,https://play-lh.googleusercontent.com/a-/ALV-UjVV3C9lljVonmAr3jUCFp2ti3IqY_FxfmnQDW6OT7wIUJnHCIvt,Good app,5,0,9.0.64.608,2025-07-25 23:27:46,,,9.0.64.608
20ba420c-1be5-449f-9c42-ea3a55603cc4,100Titaniclover,https://play-lh.googleusercontent.com/a-/ALV-UjVtuJx9R4gqsND5Qr-_-tSsSCdgs__4yoPLnVoif0j6oWoSO_pt,"UI is doo doo, and doesn't have all the songs I have in my YT Music playlists.",2,0,9.0.58.596,2025-07-25 23:23:28,,,9.0.58.596
a55aeddf-dfcb-4369-9805-5241304aa20e,sushant sonawane,https://play-lh.googleusercontent.com/a-/ALV-UjXxIqEjTwW4kX80TPRNvSqNUQL7CliUgbmRN1Ylu4_8RpV9jXA,superb,4,0,9.0.62.622,2025-07-25 23:21:59,,,9.0.62.622
c580750d-5c30-47a6-bacd-0beedba6cc8f,Jharna Mukherjee,https://play-lh.googleusercontent.com/a-/ALV-UjUS8LT6t7_XZHQehpKxYRWU1IF_4GkVJwlxcpwR8YMuNgLhv_R2Vg,Love listening to music on Spotify.,5,0,9.0.62.622,2025-07-25 23:18:31,,,9.0.62.622
567b829d-8719-45fa-a933-ab3eb3538daf,Shaswata Mondal,https://play-lh.googleusercontent.com/a-/ALV-UjXBCCAVUtRzQhsAWwdlmTq2z9euoH_gw3BVoKoTgBwgcieu-Gw,Spotify ‚úî gaana ‚úñ,4,0,9.0.52.505,2025-07-25 23:17:04,,,9.0.52.505
6f7fcffc-cb64-41b7-b385-27c8a917811c,Bosy Mo,https://play-lh.googleusercontent.com/a/ACg8ocIQcv6SkwXWklAwbXm7YAKIf1jrycZnDc2P7aa6m2hts3u53A=mo,veri bad,1,0,8.5.80.1037,2025-07-25 23:15:30,,,8.5.80.1037
e4a797e4-97fc-493e-983e-0e1f07afed8b,Taylor Bond,https://play-lh.googleusercontent.com/a-/ALV-UjW5i6rTEpCYbJch-g2fyv6Wsc5kzZYJhCnbcF2QLWOqiAUUBlSL,"updated review; app runs much smoother now, previous issue I had was fixed. would be 5 stars but I've been having issues with starting/joining jams",4,0,9.0.64.608,2025-07-25 23:14:07,,,9.0.64.608
989a8c41-66ba-431f-8362-d3a83cbcb72f,Shreyansh Pareek,https://play-lh.googleusercontent.com/a-/ALV-UjV7ZWACuyofMeO5g6eqkKG7YBOrV-6PuPH7tQnac1EvtUzRWQ03rA,i am so glad you made it usable again for free .. keep the app same . cheers edit : I see adds only of free 30 mins streaming and no song cam be played . huh removing this app,1,0,9.0.64.608,2025-07-25 23:11:57,,,9.0.64.608
c93d012a-e1b6-48be-928d-c153b38201c7,Danish Mahurati,https://play-lh.googleusercontent.com/a-/ALV-UjXHPFheUbJx6PBAKbuaqItAvGqo2j1KiPTXBxoHxO1nbD_jSnQ,vertikal good,5,0,9.0.64.608,2025-07-25 23:10:03,,,9.0.64.608
75a586b6-8751-4322-ada2-ec64a41c4e09,Samit Paul,https://play-lh.googleusercontent.com/a-/ALV-UjV1OneucNpHSlmh2c3GfeU7KPwTyvI2k3-K9hZaYu9LJhmyDfjr,very good,5,0,9.0.62.622,2025-07-25 23:07:52,,,9.0.62.622
1e386067-ef34-4794-be2c-2d6aa4ac60e8,Lisa Park,https://play-lh.googleusercontent.com/a-/ALV-UjX_yDfPYQdjNLV7LrcbxsofQfPCKxowIL0iRYz06bfUVDaq5OC2,I LOVEE spotify defenetly the best music and podcast app ever. literally recommending to everyone,5,0,9.0.62.622,2025-07-25 23:00:15,,,9.0.62.622
7df7cb12-445d-4b27-8245-cedfe5f695b5,Dixit Kumar,https://play-lh.googleusercontent.com/a-/ALV-UjVBdkxDSvio2gbvxJqB710cg8jBzGmUztCk7YSKeL2Yhs8KK_4,good experience,4,0,,2025-07-25 22:59:00,,,
f735caec-0aa5-4fad-a2fb-db86fda17105,Iris otsiing,https://play-lh.googleusercontent.com/a/ACg8ocI_FqpBB7OHipoFtgrOKO-92R-hDzI83oiSm2neU5Q9sIhXhw=mo,"My experience has personally been really good with Spotify. However, I have Spotify premium Which is really, really helpful. If you get Spotify premium, there are no ADS and you get to choose which music you like, however, if you don't have Spotify premium, you get ADS during songs and your playlist just plays and you can't choose what song's you want next.",5,0,9.0.62.622,2025-07-25 22:54:48,,,9.0.62.622
1e58c10d-ae2f-4973-a948-61622f8950ee,La Liana,https://play-lh.googleusercontent.com/a/ACg8ocJoJkmrAZyRvCFBZ1mnagwBE_fkybWnkLRviDfdTOpXTeDr-x8=mo,bad,1,0,,2025-07-25 22:49:11,,,
d6dacf98-ccd2-49fc-9a9a-a7c617315487,Mukesh Hansda,https://play-lh.googleusercontent.com/a/ACg8ocIXsXeMrrXYLt-ZJplMzYopfbPI7DJKIlmoBfboMh7hEfaJFg=mo,froud app,1,0,,2025-07-25 22:49:07,,,
747b5567-d5be-4374-902a-8420edd0b82e,Arnya Lohakare,https://play-lh.googleusercontent.com/a/ACg8ocIK4L9PtQ6efWWqJS-S2q2zrhDFj7df9OECaHahWTuQgCir0A=mo,good app,5,0,,2025-07-25 22:48:27,,,
32412a40-0f2b-4045-981c-c01974e6787f,Ryan James,https://play-lh.googleusercontent.com/a/ACg8ocJGyuvAr9kXq9yrjAXiZT6Jy1dck2GFhiUMZPZoRFWGFd-KWg=mo,"7:36 PM ""Enjoy the next 30 minutes ad free"" 7:44 PM 2 minutes of ads.",1,0,,2025-07-25 22:46:47,"Hey! We hear you, and we'll pass your feedback along to the Ads team. Also, you might be able to find some steps to help with this on our Community. Just head to community.spotify.com and search for ""30 mins of uninterrupted listening"".",2025-07-26 08:45:34,
564dd502-51f2-4ae6-a7c9-2498f287c4fb,Gouthami K,https://play-lh.googleusercontent.com/a/ACg8ocI0vE5KesihG_gWuHugnqh6Yk0vNrG4a4f6yJoQNbDC5uu05Q=mo,awesome üëå,5,0,9.0.64.608,2025-07-25 22:44:16,,,9.0.64.608
a6293a54-66ec-47e1-ab54-62067d7b29d8,angelica nabora,https://play-lh.googleusercontent.com/a-/ALV-UjXFhGQ0V8jMJD8C8hu_wlqvZJrtZzWAiXMV1P72lul_Bje0NQio,You ruined my life,1,0,,2025-07-25 22:43:25,,,
c0eea544-9395-4bc0-8b93-d7cdffcd6de2,Pampa Sil,https://play-lh.googleusercontent.com/a/ACg8ocKuYHIAJbsIf5IHroti_Xsxt8ux4LeGKIlZOU_ZOHUeEQcCfg=mo,very good app,5,0,9.0.62.622,2025-07-25 22:40:53,,,9.0.62.622
07fc1bd9-64d3-4732-854c-15f43226abba,Billy Ismael,https://play-lh.googleusercontent.com/a/ACg8ocKgxtMxjhdbocqc6i_jN8J25M1YS1gREHHvOoNi9tyOwMGAUQ=mo,üëçüëçüëçüëç,5,0,9.0.62.622,2025-07-25 22:40:44,,,9.0.62.622
fdb80e95-bcc9-44be-a7d5-8ec094304814,Ryan Espinosa,https://play-lh.googleusercontent.com/a-/ALV-UjUee_T1L4RS-Xj8OefVJq11H-WeY6uM_4NPHtj4w44UogLOlB8,nice,5,0,9.0.64.608,2025-07-25 22:40:16,,,9.0.64.608
a9d2de5b-c599-42dd-bffe-a0c75cee0f97,Gelli San Antonio,https://play-lh.googleusercontent.com/a-/ALV-UjX2gdUZLUPvgKzeWka8Dra8hNv-My2HvI5mTHHf3xxqtkdEbVy2,Exceptional!,5,0,9.0.50.416,2025-07-25 22:35:33,,,9.0.50.416
05bb6bb9-2056-4c2c-a1d1-a9b99f7ffb7b,Deepak Chawla,https://play-lh.googleusercontent.com/a/ACg8ocJeAG1jch-3QQJveyeyBJipJFWgWlxci_o3Al_VDPNDiM95sQ=mo,"This app is a scam in name of a music streaming app. They are basically forcing you to listen to music of their choice not letting you literally listen to your whole playlist without paying. Its useless for teenagers as most of them cant waste money like this and this is the only music streaming app currently available that is trusted and i hate to admit it they are exploiting this fact, There is no point of a music streaming app where you can not listen to music as you wish.",1,0,9.0.64.608,2025-07-25 22:35:29,,,9.0.64.608
7ae93513-a0f8-43d4-aa75-c669b3e9024f,Orlando Romero,https://play-lh.googleusercontent.com/a-/ALV-UjXbQWY6YUj7JqpLKG8i8MJWMpKCtewCeras02eq6sYRy3R0kFx1dg,I listen to music from the days I was growing up,5,0,9.0.62.622,2025-07-25 22:33:19,,,9.0.62.622
a66e7f9f-0fca-410b-a36e-ce6ace394931,manona,https://play-lh.googleusercontent.com/a-/ALV-UjW-qYSr9rehIBnwm0RusHbB2_gb_AMNd1tNdvR0kCXgqvVoHhc,I don't like it üòï üòí,1,0,9.0.62.622,2025-07-25 22:31:47,,,9.0.62.622
93a78347-5889-4a7c-b8db-cac4021d1fdf,VIKRAM GURJAR,https://play-lh.googleusercontent.com/a/ACg8ocIuEdHVEfjcuwEugxSNkwfsUwVkSGk5Qe8hHBPTl-q0uu3PiA=mo,bakvas,1,0,,2025-07-25 22:28:03,,,
7cd6a7fa-f486-4074-a2aa-07d8c5a59bc2,Maksuda Akter Ruma,https://play-lh.googleusercontent.com/a/ACg8ocKtlZepFyayUDiPUyKib2zwhpufp8EQp-HK107H3x27CiX_QQ=mo,very good,5,0,9.0.64.608,2025-07-25 22:27:14,,,9.0.64.608
9557609b-618f-4264-9a06-87883a63a882,chandrasekhar Gupta,https://play-lh.googleusercontent.com/a/ACg8ocKGfA7VdOH3Kj_EerlYj9aL6-LGlomSlumdkFBenqmKezOEqw=mo,best buyüòäüòÑ‚ô•Ô∏è,5,0,9.0.64.608,2025-07-25 22:23:33,,,9.0.64.608
764ef593-3218-452d-8bc4-99ac48e9f55b,LeeAnn Layton,https://play-lh.googleusercontent.com/a-/ALV-UjUN6mcZsEDIu2Bv3-8ZvscZkjy3CTC41eHYvdtkx1HQwOfCPHef,"LOVE THE APP, ‚ù§Ô∏èüôè",5,0,9.0.64.608,2025-07-25 22:22:36,,,9.0.64.608
2fe0e013-2a75-4dc0-b9c7-f0d52fc439fe,Eng Marwa Ahmed,https://play-lh.googleusercontent.com/a/ACg8ocJWduTRFlGLGRFzOOqRPoKg55hx3SD9fdOr0FbX2PereudYBA=mo,Ÿàÿ≠ÿ¥ ÿ£ŸàŸä Ÿàÿ®ÿßŸÑŸÜÿ≥ÿ®Ÿá ŸÑŸÉŸÑ ŸÖÿ≥ŸÑŸÖ ÿ®ŸÑÿßÿ¥ ÿ™ŸÜÿ≤ŸÑ ÿßŸÑÿ£ÿ®ŸÑŸÉŸäÿ¥ŸÜ ÿØÿß ŸÜÿµŸäÿ≠Ÿá ŸÑŸàÿ¨Ÿá ÿßŸÑŸÑŸá,1,0,9.0.62.622,2025-07-25 22:21:15,,,9.0.62.622
e17dd142-7e70-4ad1-8a83-93e717cc9285,Ty Son,https://play-lh.googleusercontent.com/a/ACg8ocL4zLU28gH9fmyaGNBbOFos5KJRTxDyjQm8q_kofFPpsM2nxg=mo,spotify=üòé other music apps=ü§®üòîüòï,5,0,9.0.62.622,2025-07-25 22:18:17,,,9.0.62.622
e3da2612-8fa0-477e-8a9a-ee6e95b2400b,Estaban Arizola,https://play-lh.googleusercontent.com/a-/ALV-UjV5jq1ILHtGwmgUJDstZCaozEFhgB6_Tb11vgQ_II5YLbPB9f1t,awesome!,5,0,9.0.62.622,2025-07-25 22:16:03,,,9.0.62.622
e5a687ff-0c5b-44e6-b2ef-d7c55483a43d,Dad Guy,https://play-lh.googleusercontent.com/a/ACg8ocLDqZ2apKK3Hc5hTPqlD64sCvUrumLoHl4dNhTDSAuHo5xr=mo,all the songs I want in one place,5,0,9.0.64.608,2025-07-25 22:14:31,,,9.0.64.608
f344bfbf-ffcb-4819-84ae-9c58a8a479fa,Alex Martinez,https://play-lh.googleusercontent.com/a-/ALV-UjXE-S2LTKfU5Az5fn6CRjqmbjNqMz5yfSec2QxIrBOixyPj-Zsf,"Terrible recommendations. Constantly wanting me to play Joe Rogan. No way to edit home screen and recommendations. ""DJ"" just plays songs in a loop just like their shuffle. This app is only good for listening to albums. All their other features are garbage and if you contact support they'll tell you to post it on their forums. Which does absolutely nothing.",1,0,9.0.62.622,2025-07-25 22:13:23,,,9.0.62.622
2bd5ee68-ea52-47b9-a36a-8a937b572411,Morgan & Hayden Black,https://play-lh.googleusercontent.com/a-/ALV-UjUktBbinzRYTrQoFk9TJ6ALLNISbxWm2-JV_82wKz32kHRUnac,Adify would be more accurate,2,0,9.0.64.608,2025-07-25 22:11:13,,,9.0.64.608
41326035-55c3-4c2c-baee-9ef2203d7c61,Alec,https://play-lh.googleusercontent.com/a-/ALV-UjUJjr-pw_PHfFPVtovWKp7UbF-K7-5-u4Mktka-E6QUAOcn7Q,"I'm a paying customer, and it crashes frequently. It's fully updated, but nothing really helps.",2,0,,2025-07-25 22:10:23,"Hi, we understand how you feel! We‚Äôd recommend clearing the app data, uninstalling it, and redownloading the latest version from the Google Play Store. If you‚Äôre still having trouble, give our Customer Service a shout. Just search ‚ÄúContact Us‚Äù at support.spotify.com.",2025-07-26 08:28:16,
0e159441-1c8d-48aa-8716-7ddebb84cb5b,Nolan Weisinger,https://play-lh.googleusercontent.com/a/ACg8ocL_PO1UVCsAOevF5Q4dmDWxW5sxuDHr9ey45jEHNRv_e3SQRg=mo,I love it üíãü´†ü§ë,5,0,,2025-07-25 22:07:41,,,
597582bf-107b-47e4-9bbe-8b17cf7e38c3,aufa baiq,https://play-lh.googleusercontent.com/a/ACg8ocInbzPKwG7UN4gcmfBeQnYNK9Mm5Mb338MmyFR0IWaDqhxLLw=mo,"makin kesini dikit dikit iklan, semua fitur jd premium ah mls",3,0,,2025-07-25 22:07:00,,,
31ea0125-52e9-4e76-8956-2f72d1a9f36d,Rabita Sharma,https://play-lh.googleusercontent.com/a/ACg8ocJI_nrKCzCHxd6fB797vII0EZ2ot3U2EQSN1ra-GqyaJzBKqw=mo,best,4,0,,2025-07-25 22:05:59,,,
3ac30e1d-3a05-48f9-87f1-39a60574ef77,GhoriTheOwl,https://play-lh.googleusercontent.com/a-/ALV-UjXEoQFX0phLPkWYelhhOTiHUXBg1K9k0sU1G6fXJ0NcoRHT6pIZ,Pay them or suffer.,1,0,9.0.62.622,2025-07-25 22:03:17,,,9.0.62.622
fc3b46e1-bf54-40af-bcd5-6f51b749fcad,Austin Mahone,https://play-lh.googleusercontent.com/a/ACg8ocLtRjza0Ufn9RJDqLqfnmi1qE6SbYlHXUEpE5jpNXeOWc2j2A=mo,great,5,0,,2025-07-25 21:58:37,,,
fd853a3b-e886-4cdd-8b76-7e39ff53bf5b,achaia,https://play-lh.googleusercontent.com/a-/ALV-UjUGu-jqMupH-O9XDJ2UTBtNpPHYXUUHaKZa_CMc_Pw4PEORAFQ,"They pay their artists little to nothing, and their CEO is the chairman, and invested $600 million+, for a militarized AI startup.",1,0,9.0.42.529,2025-07-25 21:56:20,,,9.0.42.529
9829b95b-23da-47e9-a65d-be6ea791ae14,Saad Alonizi,https://play-lh.googleusercontent.com/a/ACg8ocJ17eId7QX_BSFmYDABOdI-u_bjXOsBXREpcAePzzC8IxyC9w=mo,I love this app now,5,0,9.0.62.622,2025-07-25 21:53:41,,,9.0.62.622
45a69705-5851-47a4-8491-7672f6bb5a79,Ethan Sielaff,https://play-lh.googleusercontent.com/a-/ALV-UjVONhPDKoAbVrph5dpoFj7L_00fPKS55OdpWSvYgtqesmOs2R2d,absolute dogshit platform can't even look at individual songs in an album. if you want to listen to music just go to youtube or buy it directly from the artist NEVER use spotify.,1,0,9.0.62.622,2025-07-25 21:52:42,,,9.0.62.622
b14aa429-9ffc-4477-ae8f-e9afec2d4ed3,Gladwell Nsibande,https://play-lh.googleusercontent.com/a-/ALV-UjW5ISPaIEbN5VZCJa8Qu-mUITGSn9YzeFsbPy1Xq_35Cene4xzH,The playlist collaborative feature is my favourite...,5,0,9.0.62.622,2025-07-25 21:50:29,,,9.0.62.622
6c958c4e-3db3-4963-a787-8d5106dcbae6,Esa Moin,https://play-lh.googleusercontent.com/a/ACg8ocIXwsLi3sY81qFvvLaj2EHk11ygui_U6zHR14rB92rb0vzRDw=mo,he best app for music ‚ù§Ô∏è‚Äçü©πüî•‚ù§Ô∏è,5,0,,2025-07-25 21:50:00,,,
36535fc5-8759-4fb0-b8b9-6c6ab593530c,vishu swami,https://play-lh.googleusercontent.com/a-/ALV-UjXNqmSeP7jQN-0m_UBGb2Wc7YLByeZkbjKWJzqFtshg2slhCmM,sound quality is good üëç,5,0,9.0.62.622,2025-07-25 21:47:13,,,9.0.62.622
c24b5498-83bc-451a-8aff-4f9147ee2a2f,Gavin Hall,https://play-lh.googleusercontent.com/a-/ALV-UjWQ00tomPUSFuBZaxOalpETXcc6laN5f0QjQc8OZt3674NoaMWmDA,best thing man ever created,5,0,9.0.62.622,2025-07-25 21:46:38,,,9.0.62.622
16584eae-9f44-46d9-80a1-69ba65a3d58c,Anmol Raj,https://play-lh.googleusercontent.com/a-/ALV-UjWSyeZ5wuyCxgFVRnpiS6AuqqozF9cZPpcPBKJeS9z8Lqww4A,excellent experience,5,0,9.0.62.622,2025-07-25 21:46:17,,,9.0.62.622
6ecf24eb-e2d8-4947-be5d-bf0c034495c2,Aasif Hussain,https://play-lh.googleusercontent.com/a-/ALV-UjXrmD-kcOGmqY7pB9ZsnusA4NwpAAq4zxw8FRtxmF8fRm8JpVpj,sukoon,5,0,,2025-07-25 21:43:30,,,
ca1dab2d-edbd-41c9-adfd-f288bfea837d,Amani Mamdouh,https://play-lh.googleusercontent.com/a/ACg8ocK0l5J8zlT5_d1LLNNui1h4s2WeY1PLBMP0vmB7EAmrrjfO=mo,Baaaaddd Ugly,1,0,,2025-07-25 21:43:05,,,
77405653-09ef-4cd8-8f9a-21ac1afe4e0a,Muthoot Fincorp Maujpur,https://play-lh.googleusercontent.com/a/ACg8ocIcllfvqJAGLizux_1udt9R2LIiYCk478aVYUXkDgVotepzOQ=mo,so faar ads try other sources of revenue,1,0,9.0.64.608,2025-07-25 21:42:34,,,9.0.64.608
a16153e2-bf6b-40b6-8a60-075829ddf59f,Cathy Lemel,https://play-lh.googleusercontent.com/a/ACg8ocKeY7IigMlvJo5ZzEC-NI4b4pcun8uSTJfBE78Pg3A0c7tcQg=mo,"Whenever I go to a song, it does a different song, I don't know if it's just my phone, but can you please fix this",1,0,9.0.64.608,2025-07-25 21:39:26,"Hi. If you‚Äôre on our free service, you can only shuffle music except on certain Spotify playlists such as those Made for You. To have full control over listening, we'd recommend checking out our Premium plans. If you've never had Premium before, you should be eligible for our trial. You can also see our other deals by visiting spotify.com/premium.",2025-07-26 08:18:59,9.0.64.608
3f1f322e-a3a4-4aec-9a02-ad38b5dd035b,Amanda Beasley (Polly),https://play-lh.googleusercontent.com/a-/ALV-UjVLgG5v06q9gMrGG81Rt__Xk3dlOOAO2JF2Wb11NmiaiDJM1WIU,I love all my favorite songs from yester years and present,5,0,9.0.64.608,2025-07-25 21:39:19,,,9.0.64.608
af5ad635-defd-46a6-85b2-6672a45796c0,Kartik,https://play-lh.googleusercontent.com/a/ACg8ocJoRKrui_1cEyqtI8O7E1-F3N0OIX9j46SHSBomgtKUR5ODdw=mo,"Spotify is hands down one of the best music streaming apps available today. From its massive music library to its intuitive user interface, this app delivers an outstanding listening experience for music lovers of all kinds. Whether you‚Äôre into pop, classical, rock, EDM, or podcasts, Spotify has something for everyone. One of my favorite features is the personalized playlists‚Äîlike Discover Weekly and Release Radar‚Äîwhich feel tailor-made to my taste.",5,0,9.0.62.622,2025-07-25 21:37:45,,,9.0.62.622
3abfee8b-44f1-4024-a282-a6468520ebd7,C. Pethke,https://play-lh.googleusercontent.com/a/ACg8ocIZXgL-HNKxGiBp9wMCtpvOA3q-tc0aS_8KtZdwEBMBmsgT=mo,I don't like that one of the recent updates changed the queue (so I can only see one song at a time) and made the music stop randomly b/w songs. I liked it better when I could see the whole queue and when I was the one to turn off the music. Please change it back! Thanks!,3,0,9.0.64.608,2025-07-25 21:37:25,"Hi. If you're on Premium, the Play Queue should be available. This lets you see the songs on queue and control what plays next. If you're experiencing any issues with this, could you do a quick reinstall? If that doesn't help, we'd recommend reaching out to our Customer Service at support.spotify.com. Just search ‚ÄúContact Us‚Äù.",2025-07-26 08:18:11,9.0.64.608
94cadec4-aae2-42bd-963a-bd263bac888f,Mukesh Roy,https://play-lh.googleusercontent.com/a-/ALV-UjU3hUDQS9CvhEpfjSDXYK_Olz-eYRDjXVcUEtJzKCsVK5RJz3Uk,good,5,0,9.0.62.622,2025-07-25 21:36:00,,,9.0.62.622
df546fb8-b082-4593-8177-bbceeebf7525,VREDD VREDD,https://play-lh.googleusercontent.com/a-/ALV-UjWUwhkmnuTukRNgvnA5Jff8vaL3g15KY2tzX7ditHq71B2oJw9c,so sweet,5,0,9.0.46.496,2025-07-25 21:34:43,,,9.0.46.496
cb4b97f2-bb22-4641-9277-13a0d9d53b38,moorthi Thiru,https://play-lh.googleusercontent.com/a/ACg8ocLa_ghtHNLHCB0aNAEx40ps19zmuhGPM_vRRulmb5wA6cwPiA=mo,no enngay app,1,0,9.0.44.478,2025-07-25 21:28:29,,,9.0.44.478
20510c6d-fd1e-488a-9a61-017a234e4d99,Aliastri Deleon,https://play-lh.googleusercontent.com/a/ACg8ocL8tMJOOluxPBIbMRsMKlVJfhR_cHe1MJugMdOMfz28hGGeGg=mo,I love this app so much,5,0,,2025-07-25 21:20:46,,,
57933bde-2bbb-48ae-bd2d-a85ff8c37b8d,Vishnu Priya,https://play-lh.googleusercontent.com/a/ACg8ocINItOYf7oa6CeAAEKwjA2sCJEhkY2krzNG0tefHY_QFVQZ7A=mo,very well,4,0,9.0.62.622,2025-07-25 21:18:17,,,9.0.62.622
2ba1e2b0-2d4d-4f36-894e-d7d0a04e2575,Frank Maina,https://play-lh.googleusercontent.com/a-/ALV-UjUMsjpDxFe0BI9pK2ZeDo7Xds8W6Q3-fwpG5nCpc1Rk_4NWYUKc,keeps skipping songs. üëéüèæ switching to yt music,1,0,,2025-07-25 21:16:08,,,
24c82844-663f-4cfd-b77c-650c93bd9f82,Lhachung Lhachung,https://play-lh.googleusercontent.com/a-/ALV-UjXRUoCToTZVqx0M1-aGbzL9PNZXFXjSdOOpINyNe4wVU6eoRy0,incredible,5,0,9.0.60.614,2025-07-25 21:10:33,,,9.0.60.614
48626b7b-51bb-419f-a43a-a86a369fe843,Lester Putungan,https://play-lh.googleusercontent.com/a-/ALV-UjXxMDgk9vTjZfX-XCPAP4CjFDMFSYxVXvrnlXr03sL7LDoumThr,"Spotify has been my music streaming app since 2022 it was a good exeperience but recently It has an issue, I can't login using my Facebook account anymore, it's been like this since last week I can't open my spotify account anymore this is the first time that ever happened since 2022. Please I need a solution for this, fix this issue as fast as possible. 7-26-25 Spotify, when I tried to login using my fb account it says ""something went wrong"" I don't know why but I did all the solution I can",3,0,9.0.64.608,2025-07-25 21:04:52,Hi! We‚Äôd recommend checking out our Support Site at support.spotify.com. Just search for ‚ÄúLogging in to Spotify with Facebook‚Äù for the next steps.,2025-07-25 12:31:09,9.0.64.608
4d6f716d-b481-413c-a123-2bf741b182fa,Fernando Gabriel,https://play-lh.googleusercontent.com/a-/ALV-UjXisRkt1Pnh_4Zp8J0W_yrit8UaGnyUyKGVfQliEsWil3Qux6Hq,"horr√≠vel, s√≥ pensa no lucro.",1,0,9.0.62.622,2025-07-25 21:03:00,,,9.0.62.622
87e22196-4914-4068-b155-78bd29f8c9c2,Victoria Robertson,https://play-lh.googleusercontent.com/a-/ALV-UjXyh_wsYc4FLuYb745PKk6aJFYx5uhHHrTlvFzyEx3qlRPQ1ifv,"YouTube Music doesn't let you play music with your phone off without paying money, BUT SPOTIFY DOES!!üèÜüíØüî•üéâ That just makes it the best.",5,0,9.0.62.622,2025-07-25 21:01:07,,,9.0.62.622
dbb05fc4-e173-4455-8356-c39db0adef1e,michelle carmona,https://play-lh.googleusercontent.com/a-/ALV-UjWBXzV6pRFauKvyOArldGRv5J8ytpxaGUi4JaNUUKM9zjUQxuEF,"if you don't have a premium plan you can't do anything at all, the app is not worth:b",2,0,9.0.62.622,2025-07-25 20:59:02,,,9.0.62.622
c9d7cbfb-c7c6-4669-a897-a28d36fe290a,Stephen Rabot,https://play-lh.googleusercontent.com/a-/ALV-UjWlCmhM5Qhsv8_tIuH0U1N4mAiUDVnuupo3iNBKl2efRzLMYKbN,@Spotify why is there not play next in the options... it's so frustrating you can only add to queue and not play song's next,4,0,9.0.62.622,2025-07-25 20:54:13,,,9.0.62.622
a877a11f-9c68-48b1-813f-bd97120ed1fc,Bob Obla,https://play-lh.googleusercontent.com/a/ACg8ocI0SKqmEZKqtdHkQLRc__eubpD7-iDdm8WQqr5gVp1Kp33LWA=mo,Spotify runs a solid system,5,0,9.0.62.622,2025-07-25 20:53:19,,,9.0.62.622
830f007f-2166-4034-ba0d-46b987728640,Janelle Danao,https://play-lh.googleusercontent.com/a/ACg8ocKPzzQT076yPOCvw-APU_07duR_QPEplibPx4ACGnoqadWfxg=mo,is Soo chill,5,0,9.0.64.608,2025-07-25 20:45:56,,,9.0.64.608
0b243a5c-bb02-47b2-bbd2-4690ec87d2e0,Sameer suryavanshi,https://play-lh.googleusercontent.com/a-/ALV-UjWJ1SqAm8CBFtg4IJal0uJNPwHwTQhBVRXfZFn2JXuPVYcaTMA,Spotify Music,5,0,,2025-07-25 20:44:06,,,
ef139017-1654-4da2-8b91-3bc7def84aad,Rio Joshebelle Enriquez,https://play-lh.googleusercontent.com/a-/ALV-UjULlQv1Z6lkrot7yKFnirrRX3bMJwevSHJDzDL8OU5e3t-4QtE,I can't play all the music anymore. like it's telling that it's from the premium feature.,1,0,9.0.64.608,2025-07-25 20:42:24,"Hi! We'd recommend checking out support.spotify.com and search for ""Shuffle play"". If you‚Äôre on our free service, you can only shuffle music on certain Spotify playlists such as those Made For You. For full control, check out our Premium plans at spotify.com/premium. If you've never had Premium before, you should be eligible for our trial.",2025-07-26 07:33:06,9.0.64.608
41fe4109-d7c9-4b43-8eca-1b8ccaa45b64,Naitik Varshney,https://play-lh.googleusercontent.com/a-/ALV-UjXlH5JQGoCI5fIgAcd9sC3ry2mgigliaGTBW-_8vzFxhDNhfRo,‡§µ‡•à‡§∞‡•Ä ‡§®‡•Ä‡§∏,5,0,,2025-07-25 20:41:39,,,
12eeb7ba-7fc0-4a72-8902-9f0037c771a8,Gospel Udonsi,https://play-lh.googleusercontent.com/a-/ALV-UjW1SXUBkeXTBZoRbroe6F5CkJbfR9wJ8tLAdJTSnU8eha-U_Gg,I love it,4,0,,2025-07-25 20:41:37,,,
36fd0c7a-eb66-426c-91ac-632ee94eda9f,Marvin. Alvin. Lagunas.,https://play-lh.googleusercontent.com/a-/ALV-UjXBX6PU_MlQg-J2IoOct7n7smQiaSsaUPVYEP03eWHscRbgHl-a,i loooaf it .,5,0,9.0.60.614,2025-07-25 20:28:57,,,9.0.60.614
8d8ed2de-f407-49ea-8bb0-c727c55feae4,Doaa,https://play-lh.googleusercontent.com/a/ACg8ocJwpF1ohb0rNKXVEd1E3sy0bSlh9gmCCCtlNaq9ko7D069QQg=mo,I lov it so much,5,0,9.0.62.622,2025-07-25 20:25:41,,,9.0.62.622
23e94c6e-0165-4eae-b6f0-53be9c9574f6,Jason Rachwal,https://play-lh.googleusercontent.com/a/ACg8ocLJvHL9wsEM-PL7u-6GpwSOX-E7MdgQraU4DKW-HdAOW_vYZg=mo,It's the best app I have. I'd pay more...,5,0,9.0.62.622,2025-07-25 20:22:31,,,9.0.62.622
f5577922-e525-450d-baf7-6b1e01c519ef,Jesus Plo,https://play-lh.googleusercontent.com/a/ACg8ocIMbVS__s61rlJ4GBi7JcxbvCPoEgMey5hK-oeSyaZHlRfOQw=mo,"not the app it once was, the music quality and volume are lower that free streaming service. a truly disappointing experience i loved Spotify.",1,0,,2025-07-25 20:21:13,,,
3d8a6b93-3525-424c-9853-73e7b104077a,Alpheus Matloga,https://play-lh.googleusercontent.com/a/ACg8ocJDVGBpAVxnsCogXBwX4AQzjpAupt9pA8_-8w7jN0yuH5iQFQ=mo,Spotify is a good music streaming app and what I like about it it's that you can get any music you want at anytime,5,0,9.0.64.608,2025-07-25 20:21:01,,,9.0.64.608
c414119f-fb91-4138-9982-a79decd5aece,Lilly Hofmann,https://play-lh.googleusercontent.com/a-/ALV-UjVlskrAcCTbIlm2BzdxAUHijwE80pryPeQGOOxGAABlQKbIO7w,it has all my favorite songsüò≠ I love this app!!,5,0,9.0.62.622,2025-07-25 20:15:53,,,9.0.62.622
406bab1d-58c8-48f1-87f4-3ee1b0c97d9b,Esteban luna,https://play-lh.googleusercontent.com/a/ACg8ocIVNB1cnhBR8y4MxonWN78Y5iNpSwDH5WAuZX5eNdsV3iYNrA=mo,w reccomendations even when I don't have premium,5,0,9.0.62.622,2025-07-25 20:15:42,,,9.0.62.622
4d3593bc-eace-4032-a328-6a89489c73d5,Ratna Angela sari,https://play-lh.googleusercontent.com/a-/ALV-UjVAef0O6dI9cFzJJaAnSox9Fs1IlCLC-Ha_Dt_3f9c4GMqLftc,no ad please!,5,0,9.0.62.622,2025-07-25 20:14:58,,,9.0.62.622
ed485c58-c242-42bc-ac1a-e74b3ead229c,Breeze Christopher Breeze,https://play-lh.googleusercontent.com/a/ACg8ocLQ9fqZVeU9FrcSBJ26XVxdxKx5WnjAxPVY4KROt9uO6-8UpA=mo,Still new on the site,5,0,,2025-07-25 20:13:03,,,
a177b6f2-bfda-48cf-915f-5d794f1a4f68,Toivo Shindume,https://play-lh.googleusercontent.com/a/ACg8ocIrg6khD0ug51k9Eciq1zLVecaN4dM_vguZIGnfbE-xoME05XM=mo,‚ù§Ô∏è‚ù§Ô∏è‚ù§Ô∏è,4,0,9.0.62.622,2025-07-25 20:11:10,,,9.0.62.622
08afdbcf-e391-474c-8d85-09022692e718,Brittney Page,https://play-lh.googleusercontent.com/a/ACg8ocLbDK5VQnU2MA8i29WBcCDaZl00pZuChMm67ZaQiWRCvKBGwA=mo,"Im so grateful for this app. I use it to listen to music, podcasts, meditations and audiobooks. I love how I am able to download on this app and listen to with no Internet or wifi connection. I use this app when I'm camping , or listen to music in the morning when I clean. I like how I'm able to add songs to several different playlist at one time. Very easy app to use. definitely recommend.",5,0,9.0.64.608,2025-07-25 20:10:36,,,9.0.64.608
f65dcfaa-8123-44c0-b9ad-bcf523a292e4,Charlene Simes,https://play-lh.googleusercontent.com/a/ACg8ocLEMd2-KrfL2MVP1GThoH7oVqFoh_YUPd7PJz3nknsPVWzdwQ=mo,Constant crashing and disconnecting,1,0,9.0.64.608,2025-07-25 20:04:16,"Hi. Have you tried a quick reinstall? If that doesn't help, we'd recommend reaching out to our Customer Service at support.spotify.com. Just search ‚ÄúContact Us‚Äù, and they'll be happy to help.",2025-07-26 07:14:01,9.0.64.608
903ad254-1f11-496d-adb2-c780256fadab,Blues Black,https://play-lh.googleusercontent.com/a-/ALV-UjWbrLqnJvZY4ANTHWCbtfKsUCtdKsFK69EcX0J-JHrtkPdWGM1U,"just hear , sing and enjoy , spotify is best choice for music ü§üüíÄ",5,0,9.0.64.608,2025-07-25 20:02:25,,,9.0.64.608
dec4c465-3e5e-4c1c-bffb-e7ae76fcf0ad,Daniel Riley,https://play-lh.googleusercontent.com/a/ACg8ocIomkzQKXyxY-gsD7GtJ7nB_oe7AZgg__PQT0hEtvuXhcCDsA=mo,sick the rage of music.,5,0,9.0.60.614,2025-07-25 20:01:23,,,9.0.60.614
ce93a992-cd8d-4f90-9b36-6d88fe6b5196,Ernest Mpere,https://play-lh.googleusercontent.com/a-/ALV-UjUduUBk0KCyFMZ0O4x2gGM_spXOY_l7Q-F_qhxjnOjmuh0oQ8AEoA,Spotify is great app offering wonderful experience to music.,5,0,9.0.64.608,2025-07-25 19:59:47,,,9.0.64.608
a99c525d-4e17-4042-873e-719fb309bd08,NRG JNKE,https://play-lh.googleusercontent.com/a-/ALV-UjVAM08akE_y9W_VQUvFikHOoNiDoG-tpxWcLWTgS8fJdU3fI04,yesirrr,5,0,9.0.62.622,2025-07-25 19:59:10,,,9.0.62.622
487e178a-3654-4ccc-98f6-ee678ced9f44,Brianna Joy Mudder,https://play-lh.googleusercontent.com/a-/ALV-UjXZxFOG3-18hkZzJPZIvjGqA6G_8Y_5p91s5CoGJUHYwVW5Y4e2,"Hands down in my opinion the best and only place to listen to music. Spotify always has every song I search for, and more. I've found music I didn't know that I absolutely love from their song suggestions, and the play list the make exclusively for me based on my listening. There's not a day that I don't listen to my Spotify. There's so many positives I could go on and on. (But I won't do that to you üòÅ). The only negative thing I can say is I miss so much my daily horoscope they use to have.üò¢",5,0,9.0.62.622,2025-07-25 19:58:37,,,9.0.62.622
77aea073-e677-4a3e-ac38-d98cd7d1dc11,blancalnavarrete,https://play-lh.googleusercontent.com/a/ACg8ocItigz0ZG8dDaJNyEj69E7zqk6i5OEPq9TIxCdx9BzFxMtAqw=mo,Spotify makes listening to music so much easier,5,0,9.0.62.622,2025-07-25 19:56:40,,,9.0.62.622
e2f05208-fa18-481d-8f93-f8b00b30104e,Azriel Metz,https://play-lh.googleusercontent.com/a-/ALV-UjUcWornAg516MdzSNsv-iFoPpRwy4bGI-sq_tavgtezwoKxY_FC,"pretty much unusable without paying for premium, might as well use youtube",2,0,9.0.64.608,2025-07-25 19:52:06,,,9.0.64.608
b81d5288-6ff3-4b6c-9b1d-00ab60e5e32a,Fey Rainstill,https://play-lh.googleusercontent.com/a-/ALV-UjVfRC_yEEOmlybOchfzipkRYqbBN8srHgsZdigRLPfmxG2iXD1s,"Spotify mobile is just bad now, you get like 5 minutes worth of ads in-between every song even if you skip a song, at this point you're listening to more ads then music",1,0,9.0.62.622,2025-07-25 19:49:42,"Hi! We'll pass this on to our Ads team. Have you tried a quick reinstall? If that doesn't help, you should give our Customer Service a shout. You can find them by heading to support.spotify.com and searching ""Contact us"". They'll help you report this.",2025-07-25 19:54:29,9.0.62.622
aff30a7b-7fda-4055-a235-c49d4143efa7,Charmine Arnejo (JESUSISMYSOUL),https://play-lh.googleusercontent.com/a-/ALV-UjX7UcIt3p9-tr-TbJ3Bg-1I5xODHlOkXCm2yfr9GebEAoT1zK4,thank you for the heads up support and help provide me godbless us,5,0,9.0.58.596,2025-07-25 19:45:58,,,9.0.58.596
a9bac8a3-1e24-4bdd-9744-09666e06ba1d,kestas samulenas,https://play-lh.googleusercontent.com/a/ACg8ocLmMBgLOz-JwKLnGxK5qQeRvR6PIEaaZdrW94tG4dk8xBNPPw=mo,"well I like it mostly it has a lot of music that are pretty awesome but I wonder why would you add ""skip the song"" limit? like I don't see the point, if I want to hear something else I should have the freedom not like have to get premium to skip a song it sounds pretty dumb but everything else is fine but I would recommend letting me play the song not just in one line or randomly also biggest question in the world why can't I play favorite songs in up to bottom? why it's just randomly",4,1,9.0.64.608,2025-07-25 19:31:53,,,9.0.64.608
be933a50-935a-4e1f-9691-ab17225e9525,anslem chidiebere,https://play-lh.googleusercontent.com/a/ACg8ocKEDUbo42Vp5o-7RFfVr2r0euVYG4Z9lIvoY4Bk3v3du4L8TQ=mo,the best,5,0,8.9.40.509,2025-07-25 19:31:28,,,8.9.40.509
884c4c87-3291-4c1e-b73f-20e215afee17,David Richter,https://play-lh.googleusercontent.com/a-/ALV-UjUIOLRiMG_GitHXdgCCm8NWdJLhR-SH_nE23OhvKbn-bb8sf44,"I've been a Spotify user for years and years and absolutely love it better than Pandora, Apple Music and Amazon Music. 10/10",5,0,9.0.62.622,2025-07-25 19:27:47,,,9.0.62.622
09f8bcf1-01f7-4a14-83d3-7a6d1a6d9a91,Jordan,https://play-lh.googleusercontent.com/a/ACg8ocLGcBMJ0ztsoxhiAQlj9WvXVu4NQswLepGddHydI4qnhFEctg=mo,always auto plays even when setting is turned off,2,0,,2025-07-25 19:25:50,"Hi. Have you tried a quick reinstall? If that doesn't help, we'd recommend reaching out to our Customer Service at support.spotify.com. Just search ‚ÄúContact Us‚Äù, and they'll be happy to help.",2025-07-25 19:35:02,
e64d2110-0ac3-478e-8fcb-5e3c090d8db7,George Johnston,https://play-lh.googleusercontent.com/a/ACg8ocKWta-wILmDmNSrJi1CZ_i2oR4qpZaJQjUPFg6hcSLtD80YXg=mo,too many ads one song than 5 ads you're kidding me right then it says I get 30 minutes ad free guess what 2 songs and 5 ads where is the ad free might as well be commercial radio with 2 songs an hour something needs to be fixed here,1,0,9.0.64.608,2025-07-25 19:24:37,,,9.0.64.608
b02c1742-1589-4768-84d7-763a88a0ecb7,Ahmed Nabil369,https://play-lh.googleusercontent.com/a/ACg8ocLGgh9pxAAm_tIRpVDRsdsP9GDUqYmK7l3ZdzqDMljWpBnCKQ=mo,its have many ads and so poor quality of the song,1,0,9.0.62.622,2025-07-25 19:21:55,,,9.0.62.622
8f70e83a-4487-428e-abbe-12f3d420bfd0,Victoria Garrett,https://play-lh.googleusercontent.com/a-/ALV-UjXKA81cQBOci4PF_pKZvpxmdJ1PI2YQjO9qM9CAkbHSY_fiLi0S,"Love Love Love Spotify !! You can hear all kinds of genres, and lots of new & up coming artists like William Sko, Eddie & the Get Away, etc.",5,0,9.0.62.622,2025-07-25 19:21:05,,,9.0.62.622
2bd25ac3-c52a-4bfe-945f-b223f5d67f5b,Jason Osegueda,https://play-lh.googleusercontent.com/a/ACg8ocJjPFB0hA0LSg8yIxk_qxoJQC3J0N-4516u3YEhhD1O5ap0EA=mo,this is the best is app,5,0,9.0.64.608,2025-07-25 19:15:41,,,9.0.64.608
8453f746-2619-45ab-8db7-c3ebdb91178f,Renegade,https://play-lh.googleusercontent.com/a-/ALV-UjUUDv3A8ZyJZOQsGOfGLQJedtJaYyCUX1ENPR4EeLn8dDKFNj4L,best music app,5,0,9.0.62.622,2025-07-25 19:15:40,,,9.0.62.622
2db0b415-8af1-4e14-bb96-e013828a5f8c,Bart Borkosky,https://play-lh.googleusercontent.com/a-/ALV-UjWm9Xq3sHxkHBXmUl8XY8v1Nq5s_Eh4nbqxFbBe7Hvq4LqjhrY,what's not to like? endless variety of music.,5,0,9.0.62.622,2025-07-25 19:11:16,,,9.0.62.622
edbb5b33-b31c-4613-9d75-e7faa747ab3a,Zurisadais Martin,https://play-lh.googleusercontent.com/a-/ALV-UjWbd8ZI9H6BesujjH4VoDllhczZUx9QhMaj9zaMWw1Ah_Y5UAuL,nice,5,0,9.0.62.622,2025-07-25 19:10:04,,,9.0.62.622
a61270a0-1f95-4736-a286-35a3e930cf85,Lain Lain,https://play-lh.googleusercontent.com/a/ACg8ocIISlePOa0wGwi_payWUGAfOHFFwb6d1NugypXkdJn-AZjwxQ=mo,perfect,5,0,9.0.62.622,2025-07-25 19:02:46,,,9.0.62.622
6d0be50f-5d44-4430-a608-bfd90a9f23b2,Lauren Robinson,https://play-lh.googleusercontent.com/a/ACg8ocKyxIutcNTjO1XlWaCyWx9VwYBZSPqweGsW-deIrL8piqUklQ=mo,I love it. it's so good especially when I'm jamming while gaming,5,0,9.0.62.622,2025-07-25 19:01:55,,,9.0.62.622
c3c205b0-10c2-437f-9ada-d87096450d46,GOODLUCK EKINYA,https://play-lh.googleusercontent.com/a/ACg8ocL2Ww8A6odIDSJQsk3ZJOnGpcYMREtWLpfOf1lY3UoNG7WqI6U=mo,The best music streaming service in the world,5,0,9.0.46.496,2025-07-25 19:01:14,,,9.0.46.496
f6aef776-9a3d-402c-adfb-9bc2ebdddcc5,John Gioannetti,https://play-lh.googleusercontent.com/a-/ALV-UjV7syPBEtcVqDdJ96bvlz6XrgZ7NsnhvdmNBl3voNjwodQMo_op,great,5,0,9.0.62.622,2025-07-25 19:00:37,,,9.0.62.622
9e96f8df-070f-49a6-abfa-2d8bc0858446,Gregory Miller,https://play-lh.googleusercontent.com/a-/ALV-UjX-my3YNmcw2_C6fB6avFAyOuQM_JA2SePsekxLIKbu3neiBwJK,I LOVE THE AUTHENTIC MUSIC SPOTIFY CONTINUES TO OFFER ME & COUNTLESS OTHERS. KEEP UP YOUR EXCELLENT QUALITY.,5,0,9.0.64.608,2025-07-25 18:57:55,,,9.0.64.608
1d4f0077-c394-4253-9ceb-735d50c49392,Venkata sai Mudili,https://play-lh.googleusercontent.com/a-/ALV-UjWZHsjj2JjUvdHnlz4Itqvn-iz-ktc0qdGWft9u3WYL6HxP__Mx-g,ssw in in ws class and eat and eat w to swwsss wss h w,1,0,9.0.62.622,2025-07-25 18:56:27,,,9.0.62.622
c549ba68-5c92-4043-af68-307b4a0bc0db,Anirvan,https://play-lh.googleusercontent.com/a-/ALV-UjXaPzo6li__5qkJ4bznD0_Sq4erKYskqar6TrWa2np6pyosOwQ,audio and everything else is amazing üòç,5,0,9.0.62.622,2025-07-25 18:56:04,,,9.0.62.622
cd84eb0d-a826-467b-b1ac-7cae37ce886d,emmanuel ozioma,https://play-lh.googleusercontent.com/a-/ALV-UjW16j2JD5L3XlMGkaATH1qThBgc-bYdqcUqkZl44WO1l6S4_k4,I love it Spotify,4,0,,2025-07-25 18:48:25,,,
67aabc79-ef4f-4224-9c11-871c4e62dafe,Ighekpe Jesse,https://play-lh.googleusercontent.com/a-/ALV-UjW_GborwggPmslFcooDW3ecgx1-rURBc9ONL2NFh3SOl-Y55UnU,sensational,5,0,9.0.62.622,2025-07-25 18:48:17,,,9.0.62.622
b966567a-1211-415a-b267-932aee72ff73,Igi Onuora,https://play-lh.googleusercontent.com/a/ACg8ocL6z1jQ23eqO_igt0prVjTdoUqxXpp5vLSCC73iFGIHScmu8g=mo,"Great Stuff! So much amazing new music to discover, so many old favorites... ü§© - Thank you Spotify!",5,0,9.0.62.622,2025-07-25 18:35:02,,,9.0.62.622
6ed84f9b-d3d7-4bf4-bd68-c7c0cd0f865a,Corbin Chiaese,https://play-lh.googleusercontent.com/a-/ALV-UjVfV_Z5sOuARJSAJcRGh1ocn5KfUI0u_WotQy0QUFPglj-IFPyd,best,5,0,9.0.62.622,2025-07-25 18:34:16,,,9.0.62.622
17b5e31d-7e19-4bb7-b93a-fab3e1e3065d,Stephen Kaiser,https://play-lh.googleusercontent.com/a-/ALV-UjVAAkYBj-aiizOelPf6CVYf7v3SPHXlNb5WKcOPpbOWsBCQDAM,Terrible app and even worse CEO,1,1,9.0.64.608,2025-07-25 18:33:53,,,9.0.64.608
ff1c34b2-0aca-4fb9-bdda-2abaa6e12392,William Lackland,https://play-lh.googleusercontent.com/a/ACg8ocJFuYOxpDReo62h9yrR4iYHpg75b3JdDLTwrn6ZIn1S-FdX2g=mo,it's amazing but the it would be better if the ads were actually 30 minutes apart but ether that that it's amazing.,4,0,9.0.64.608,2025-07-25 18:29:44,,,9.0.64.608
628bc98b-57a3-4dfe-b82b-6e9f6be69701,Zeyad Abo mohdy,https://play-lh.googleusercontent.com/a-/ALV-UjWYDhtiFnfrNij6qrp-3UckYe0r7T7KCjo7Xofp5jyvBqPdNCI,ÿ≥Ÿäÿ¶ ÿ¨ÿØÿß ÿ®ŸÉŸÑ ÿßŸÑŸÖŸÇÿßŸäŸäÿ≥,1,0,,2025-07-25 18:19:09,,,
e4bc6681-5084-4bcf-a014-29bb9e521b78,Sanaiyah Chambers,https://play-lh.googleusercontent.com/a/ACg8ocJVvBTDbIIKzZbK-Tss_3pgmne93fL3RDkqJIJPYRjW-1Rgog=mo,you can listen to all of your favorite apps on it and I think it's a really good app,5,0,9.0.62.622,2025-07-25 18:16:32,,,9.0.62.622
8ed6a067-4dc4-4b0a-934c-ea8bd43b6a1f,Peace Kings,https://play-lh.googleusercontent.com/a/ACg8ocIr3l0CpJ5EYFuiGsIK_EoWp_GBkBiKV4EprVXjLQbM-eerAg=mo,My only issue with the app is that I can't see the lyrics even though I have a premium account please help me fix it,4,0,9.0.64.608,2025-07-25 18:15:57,,,9.0.64.608
0edb7f69-29fa-48e9-9503-f13fcd0d3fea,Maryjane Luva,https://play-lh.googleusercontent.com/a/ACg8ocIe_Nvcd6vDeM_MFDK4BYphtHRWiJhg6QKXij7bcB04S7GGKg=mo,the best,5,0,9.0.64.608,2025-07-25 18:15:34,,,9.0.64.608
29e5c2f9-2365-456d-8e19-83e3789b43d8,Torya Vicky,https://play-lh.googleusercontent.com/a-/ALV-UjWMnL7I7_HUzf8ie_OcrObi1y-lVFNPNqk6FEwD3IG19X3q-xUg,make it possible for us to edit Folders pls,5,0,,2025-07-25 18:12:11,,,
e4634fd3-7a1e-4150-9c1d-2f0e349e6adc,Kaleb Franklin,https://play-lh.googleusercontent.com/a-/ALV-UjVPShh0OzaWsLHFfjagyagTREytjSgOPRmcDx9B3HKbne_LH51B,thank you Spotify,5,0,9.0.62.622,2025-07-25 18:09:30,,,9.0.62.622
77f07022-ce7f-4dd8-842a-f5090cb66210,dan diyoka,https://play-lh.googleusercontent.com/a/ACg8ocKthpBmRrFNAw57iRDh62Np2TEd7WSekUJQN5ISf3B6ayWXWVya=mo,"Spotify is an overall great app to stream your music. the user interference is good, and all. but I do have one issue. it's the feature that only let's allows one get to skip 6 songs per hour on the free plan. as a teenager that doesn't really earn money, this can honestly get a bit annoying sometimes. the app is such a great app overall, it's just it feels like the developers are forcing users to get the premium plan sometimes, and there's nothing I can do about it most of the time",4,1,9.0.64.608,2025-07-25 18:08:24,,,9.0.64.608
04754de9-238a-441f-845a-3ea83399e9c6,William Pounds III,https://play-lh.googleusercontent.com/a/ACg8ocLCaMWJUJUq2dfZg589LIij9d6_vjAt_l4n9M5SKimHLxfDo5s=mo,Better than YouTube music for sure! I do have a problem with me not being able to double tap the screen to rewind and fast-forward though,4,0,9.0.62.622,2025-07-25 18:05:45,,,9.0.62.622
cb4415f4-da2a-49b8-af61-f8bb2a1942e3,Chase Goedken,https://play-lh.googleusercontent.com/a/ACg8ocLNkPL7wCSst3B6QSNXLIEIwgWTpjzgATn80vFTRt5-BvjPfg=mo,"This app pisses me off so much. In the beginning there was no ads, then Spotify premium happened, it was an ad or 2 every 3 songs or so, now there's literally 5 ads after every song.",2,1,9.0.64.608,2025-07-25 18:03:50,,,9.0.64.608
4efd59ac-d12b-4e01-9e33-49cbb0d42e19,Busani Matsebula,https://play-lh.googleusercontent.com/a/ACg8ocLwS2_qOHjmfS7I-vmMyZijOcscKFZBlFK6JEdb_KA9R2EN5A=mo,Great app for diming depression,5,0,9.0.64.608,2025-07-25 18:02:00,,,9.0.64.608
b86c35fa-fc7e-456c-bf1c-6a1ed428c68d,Chris Gottsacker,https://play-lh.googleusercontent.com/a-/ALV-UjXKe2b1YP0oKOtIjjKDzPG2gTUdl0dC_E1hHouc-o5drRYYYSU,"Have Premium subscription, and yet... Why is it this hard to clear my queue? Why is it this difficult to play a whole album from the top? Googled but nothing's working so far and I gotta wonder how Spotify messed up this badly. Like... why does the giant play button half way up the album page not... play the album? Also, is there really no way to dislike a song so that it doesn't get suggested, auto-played, or added to future auto-generated playlists?",3,1,9.0.62.622,2025-07-25 17:56:15,"Hi! Thanks for letting us know. We‚Äôd like to investigate further. If you have time, could you reach out to our Customer Service? You can find them by heading to http://support.spotify.com and searching ""Contact us"".",2025-07-07 13:46:05,9.0.62.622
bbf862f0-0757-4901-bd94-3630961d2a48,Tshepang Mabitle,https://play-lh.googleusercontent.com/a/ACg8ocLpzOt_lWoW6EfCqRR0_wICfnmFVbDOZTA5JM5wGDa0QfEODA=mo,very good app now I save my storage knowing that I'll find all my songs in Spotify,5,0,9.0.62.622,2025-07-25 17:50:41,,,9.0.62.622
fa42f76d-6991-4dc1-9364-a0d94edf3756,mariam muhamad,https://play-lh.googleusercontent.com/a/ACg8ocKv9WXR3d74QyAULCtfgGVYnPbwVcdXtJj-H7X4p1YCn_hd6w=mo,sooo badddd,1,0,,2025-07-25 17:47:48,,,
c5988456-c93d-4493-80e8-c4f838730bb2,jemeckia mckinney,https://play-lh.googleusercontent.com/a-/ALV-UjVgGMCo5FgJwcWYxHdvl3zMk99bOyQo8Fv1vOLolhEUEzBjkvhm,"The app was okay at first until I was listening to one of my songs, and then it automatically skipped it for some reason and then went on to the next. I can't go back because I don't have Spotify premium. It also says that you can have 30 minutes of uninterrupted listening, but after one song which is around 2 minutes, it gives you another ad and it just keeps happening over and over. Seriously need to fix this.",1,1,9.0.62.622,2025-07-25 17:47:38,,,9.0.62.622
1cb63038-32c0-4f1c-8055-3bcbdb00d028,Dimakatjo Mailula,https://play-lh.googleusercontent.com/a/ACg8ocIrPHEsiAcikwIyyWRLGQikDUreyKDIsprzkupN1qaBHrQzWw=mo,it is the best music app because I'm able to use it whiles I use other apps on my phone and whiles driving,5,0,9.0.62.622,2025-07-25 17:39:40,,,9.0.62.622
ee8b1c72-6fbb-4dfd-b535-88ddc18410a9,Shannon R Freeman,https://play-lh.googleusercontent.com/a/ACg8ocKwDFGl89ZTb-4kt5dCal4rhB9SO8R6N1RDZVKOCgZ2OpxqfQ=mo,love the music choices,5,0,9.0.62.622,2025-07-25 17:36:21,,,9.0.62.622
55a4fd76-6e7b-4a0f-a47a-dae8e9d04bcd,Alex Pussman,https://play-lh.googleusercontent.com/a/ACg8ocKRpcry93jgQhlE4Sr04FBoU-PluLdI0CG8IVYC6KnkRbgQJg=mo,it's soooo good even if you don't pay for premium it has almost every song an that's it really,5,0,9.0.64.608,2025-07-25 17:34:34,,,9.0.64.608
d0c6a906-47e3-4605-a10b-9698606ee14d,Jessica Mogodu (Mrsmarriedtothemoola),https://play-lh.googleusercontent.com/a-/ALV-UjWApiq0QMbdZDMEzYmBM4i2eKrV-Zqt1mQF4t0NmYJiCcSAFPTz,dearly love this app.,5,0,9.0.64.608,2025-07-25 17:32:30,,,9.0.64.608
f3353f9c-d1ff-454d-9529-d2e598317d85,Reksmey Vonn,https://play-lh.googleusercontent.com/a/ACg8ocK3p8RGgxOsff5UWvDpzDCoDEnwnPQAbOYFj52u4bkCxe0Ghg=mo,"I feel good. I love songs, and it makes me happy.",5,0,,2025-07-25 17:31:39,,,
8f433873-045e-449a-adf2-01c7aca476a8,R S.,https://play-lh.googleusercontent.com/a-/ALV-UjWu2C_dtia3v1CHMoc7Empkn9Ck2Xp2w_QI9q17QA9UCfGwC2cL,"nowhere near as good as it used to be, they've become money hungry beyond belief. and the ai military startup the owner is investing into? insane",1,1,,2025-07-25 17:30:23,,,
a9eebfb7-bccf-4ad9-970b-24fd628baf24,Vi Ly,https://play-lh.googleusercontent.com/a/ACg8ocK0zvubG7z61DmHbDbDcqBuv5lTuTnv8Xw3hFY77GbbY2nS-g=mo,this app is so good for use,5,0,9.0.10.415,2025-07-25 17:30:05,,,9.0.10.415
650e7f5a-8bae-48ad-8128-59b128b95941,Belal Mohammad,https://play-lh.googleusercontent.com/a-/ALV-UjV67_T-HtTomcMWlWhymN4KAxIAWmBzymSS7AAoimYW4dvwTTe9,ÿ®ŸäÿØÿπŸÖ ÿßŸÑŸä ŸÖŸäÿ™ÿ≥ŸÖŸàÿ¥‚ùå,1,0,,2025-07-25 17:29:35,,,
acfc918a-d682-459a-9329-c8e81fd2fa04,Timilehin Olowookere,https://play-lh.googleusercontent.com/a-/ALV-UjX83MhByMPykl6K2-HqmtOlQfCLiOOVY9UqrLoGr7DfRRutR-k,very good music app,4,0,,2025-07-25 17:29:27,,,
cd9cdd91-21d6-46a6-89b4-f37195a927d1,Joseph Dunnam,https://play-lh.googleusercontent.com/a-/ALV-UjUd8_0k0vbbmseo2cyaZzPeqtV_lI-Eap3XEarUsZexYbqGv3s,I like hearing Neville Goddard talk on it .,5,0,9.0.52.505,2025-07-25 17:27:45,,,9.0.52.505
32d5e286-2e29-4ea6-817c-f20a4ad52227,Duane LaysBad,https://play-lh.googleusercontent.com/a-/ALV-UjUehwhSRLsA0xAk0AO-topJbfNP286tUZgnbELPra5lpzzXkOJ6,great app!! two thumbs up üëçüëç,5,0,9.0.64.608,2025-07-25 17:25:42,,,9.0.64.608
cc39ad7f-1ace-4488-8d38-c74b1ba70be7,jeffrey loucks,https://play-lh.googleusercontent.com/a-/ALV-UjVTns8Ne3wT_aMRly56-tuNKly9a18qu_rZUQrqBU4_ROTvVF6DxQ,"Is great app for to music hear favorite song an me like other ones, thank you",5,0,9.0.62.622,2025-07-25 17:22:03,,,9.0.62.622
9a061620-1124-43e1-89ff-8111b30119ff,Ubah Kingrooney,https://play-lh.googleusercontent.com/a-/ALV-UjV0SaQHdFXXs9WcjsV-K6nCJGCMs5hq6_xmdjzAmBIfeH2Osj4,perfect,5,0,9.0.60.614,2025-07-25 17:20:42,,,9.0.60.614
42bb0308-e365-4631-b1ad-bf4113a04018,MarioLz,https://play-lh.googleusercontent.com/a-/ALV-UjU6WnQoGgp-E3fFpLqLLvfGXQMFP7UBnbIWB0PWIIdXvcd0F_yd,"no premium = cant do anything, especially on mobile",1,1,9.0.62.622,2025-07-25 17:18:08,,,9.0.62.622
c63f3e39-ff02-47aa-aecc-4af1187b7996,Hector Huerta,https://play-lh.googleusercontent.com/a/ACg8ocIFmG5Z-cwGlpI3ex6FAdIdT3ux6VXDgUWsstxrzvcoaG_p=mo,awesome,5,0,9.0.62.622,2025-07-25 17:17:31,,,9.0.62.622
f6aaa155-d2d5-4ac3-b698-77da6689cc72,David Nkemakolam Ifeanyichukwu (De.Casper360),https://play-lh.googleusercontent.com/a-/ALV-UjWzxbeZSSNeyGD7O25KMOq82QDVHlHyLktzlkc9lWvxvgQIJ4cf,the best music platform,5,0,9.0.60.614,2025-07-25 17:17:27,,,9.0.60.614
8d44276b-fb97-4908-91dc-19ed5514f46b,John Afolabi (leXZy),https://play-lh.googleusercontent.com/a-/ALV-UjVD-VIw0CNAoZNxZwMOQU5vDJPfI6KL7yj3C3JnP5gQRoPVdVs3,great app,5,0,9.0.62.622,2025-07-25 17:15:52,,,9.0.62.622
1417972a-3054-43d6-8006-958798385afb,Dave Kelly,https://play-lh.googleusercontent.com/a-/ALV-UjVx78DtCSc4rJiSoLsiXfIHUZIvnLLqIZikUt01HZQinpcavaPU,"This app is easy to use and has tons of excellent music. It's been easy to search/find the kind of music and artists that I like. I like free stuff, so I don't mind the ads and, thankfully, there aren't too many ads and they are fairly short. I guess my only complaint would be that I have to reduce the volume during ads cuz they're too loud.",5,0,9.0.62.622,2025-07-25 17:14:23,,,9.0.62.622
5c9f3a06-62be-46aa-b831-fa6efea42178,Anna Rebeka Majzik,https://play-lh.googleusercontent.com/a-/ALV-UjU5hQj160t8iGUr1E_b5MAQkwINSmF1PwctbSYyvipjHd5yskGM,"Has become a useless app and it's now full of bugs and ads. It also doesn't let me log in because it thinks I'm in a different country?! Logged in on the web but it correctly says that I'm in the UK. I changed to Amazon as I'm already paying for prime (plus it's ¬£3 cheaper than Spotify and I get NO ADS, free deliveries and a streaming service). I was worried about losing my playlists but it only took me a couple of minutes to export them and move them across. It's time Spotify and I part ways.",1,1,8.8.50.466,2025-07-25 17:10:08,"Hi. If you're getting any bugs, have you tried a quick reinstall? If that doesn't help, we'd recommend reaching out to our Customer Service at support.spotify.com. Just search ‚ÄúContact Us‚Äù, and they'll be happy to help.",2025-07-18 12:31:12,8.8.50.466
4553e603-5f85-4afe-9376-fad27fbe7ebf,Solo Devil,https://play-lh.googleusercontent.com/a-/ALV-UjUix0UBR4xmPCQEsWoCkgWsXl1AKXBX3EbIR-bneN_nNkKNVzQ,good job developer's,5,0,,2025-07-25 17:08:40,,,
afeb5320-d4b6-47bb-9f20-8b5723c9eccd,Chijioke Abosi,https://play-lh.googleusercontent.com/a-/ALV-UjVE_x0zTIQkK1IvDw82EgeP0_VG7BYoBSADoriNFqOX6LpUlRX_,Great app,5,0,9.0.62.622,2025-07-25 17:08:25,,,9.0.62.622
932fb1a9-c62d-449e-95f9-36cd5c108792,Eric,https://play-lh.googleusercontent.com/a-/ALV-UjUMPbKDg1lvDuNY6OaunMR_XV4Ibkih-c8tOALrsaslZwSk31U,garbage plays random songs with no fix because of the stupid controls if I could give it 0 stars I would.,1,1,,2025-07-25 17:07:23,,,
07ef595c-1a7e-4729-b2c0-0a47ba9800c3,Silas Harmony,https://play-lh.googleusercontent.com/a/ACg8ocKXSkXZlhkwRT4sNnsLoxVrtN3T5j1n_uGBQCTXl_UY4E8oXg=mo,I'm really enjoying the time always spent being on Spotify!,5,0,9.0.60.614,2025-07-25 17:05:38,,,9.0.60.614
2f91c637-4126-421f-86a7-985e01e666d3,Lee Esteves,https://play-lh.googleusercontent.com/a-/ALV-UjWZnlJTU3dtQLmF-7Mgs40-6zNn0dLZKUUz02OzwI8ggGNgL04,"STOP ADDING RANDOM SONGS TO MY PLAYLIST! I just reinstalled this after taking a break for a while, I had hoped this would be fixed but no. I make playlists for the vibes they give me and I've been using yt music for that but that doesn't play over my other apps like this does so I reinstalled this for that feature but I don't think it's worth it.",2,1,,2025-07-25 17:02:44,,,
54307b3c-6d84-43d3-833c-64d6e95454ca,Rhiz Bongon,https://play-lh.googleusercontent.com/a/ACg8ocLXyHudtBnYpfGmMxv7UWFtSIQmz2GR-ZKRcVj2VX89ytRvYOWu=mo,Ads no Language for Bicol only part of Visayan?,1,0,9.0.62.622,2025-07-25 17:02:15,,,9.0.62.622
3ce97a3c-a110-433e-b0a7-c5a41eeaf97e,Steve McWhorter,https://play-lh.googleusercontent.com/a-/ALV-UjWptCS9kNy2I1DaL3Ko3svnOkN19I4ukN7TbdwQfCCkg3pXxuNO,I haven't come up with a song that wasn't here,5,0,9.0.62.622,2025-07-25 16:56:06,,,9.0.62.622
f47aeb6a-6332-40a1-b0dd-4426cd5058bd,sonic theheheboy,https://play-lh.googleusercontent.com/a-/ALV-UjXIl14dFZv71IZLmt7u4YBx9jtePQyg3tpoH1SrZrnZ17d0FfA,I love spotify,5,0,9.0.62.622,2025-07-25 16:53:10,,,9.0.62.622
eb2ec16c-515e-4b23-9f81-af9523027f70,Joyen Tudu,https://play-lh.googleusercontent.com/a-/ALV-UjWWkx4pddXRMDmpZfwyQXrugFfP5roIniv0KFaH5dedftXl7DK5,YouTube music is far better,2,0,,2025-07-25 16:51:56,,,
e602984b-8917-48ed-9625-fae235d48e39,Mohamed Farouk,https://play-lh.googleusercontent.com/a/ACg8ocJuS7DYBQqtYgUt507n03ZRye-0ZQWqKrOEp0uox6Dp_-YCLA=mo,ÿ®ÿ∑ŸäŸÇ Ÿà Ÿàÿ≠ÿ¥ ŸàÿßÿπŸÑŸÜÿßÿ™,1,0,9.0.62.622,2025-07-25 16:51:32,,,9.0.62.622
5b80fed2-d697-41e0-a495-523a4fcd4f3f,Rick Ebenezer,https://play-lh.googleusercontent.com/a-/ALV-UjX9jurB5PBxUiRgICI4M4-jRm4mDWmguc59FtCtB8N5GZnP7SKp,It doesn't upload on my chromebook,1,0,9.0.64.608,2025-07-25 16:51:15,"Hi. We'd recommend restarting your device to see if that makes any difference. If that doesn't help, you can get in touch with our Customer Service by heading to support.spotify.com and searching ""Contact us"".",2025-07-25 16:55:10,9.0.64.608
977a204b-e480-4ccb-8ce1-eb7aa3a4a4e3,hamza ben salem,https://play-lh.googleusercontent.com/a-/ALV-UjVQNMoBWv-kQrDhmbvzRmcsAoq1sBEbC9OWOFpz-RXmUsA9gbJW,not usable at all,1,1,,2025-07-25 16:50:09,,,
9c651d54-6307-478e-bb66-0aa0b161fe9f,Simphiwe Makgobi,https://play-lh.googleusercontent.com/a/ACg8ocJYgDOSqrsm8TkBmz1zKwqu0FFWQtnN_XtGJ3FzxPQrtLNp9w=mo,(B.I.T.G) Best In The Game,5,0,9.0.54.518,2025-07-25 16:49:48,,,9.0.54.518
e9dbbe17-9656-4814-a309-7e167ecf17fa,Nicholas Emond,https://play-lh.googleusercontent.com/a-/ALV-UjVlj-cBRRDfPfdjp7-ajbfJ5Q60xu_A7L0WYZMajn7nSi6UU3S2,"Spotify is a great app for all of your listening needs, all the music you could ever think of, tons of great podcasts, and if you're a premium subscriber, you even get to listen to 10 or 15 hours of audio books, I can't remember for sure how many hours, but it's enough to listen to most books in one shot. Spotify is my go to listening app. I highly recommend the premium service.",5,0,9.0.62.622,2025-07-25 16:47:25,,,9.0.62.622
f0e0eceb-2590-4192-8ca0-56c0b28659e1,Jude Dabbs,https://play-lh.googleusercontent.com/a-/ALV-UjXr20vmzxzQHaPRsAlF9pNAOOXifa9YXHoKraAIOuSzk_pdqf5m,how do you invest nearly 700 million us dollars and expect us do pay for premium and use your app?,1,1,9.0.62.622,2025-07-25 16:46:19,,,9.0.62.622
6cefa3d5-bcf3-4396-965f-0b9284499b73,Maira P,https://play-lh.googleusercontent.com/a/ACg8ocKmim2n_kTKLsa35tGFputFUANsoB9SbDIyoMMSIXPS0OjPag=mo,I LOVE THIS APPP USHHüéßü´Äü´ÄüôèüèªüôÇ‚Äç‚ÜïÔ∏èüôÇ‚Äç‚ÜïÔ∏è,5,0,9.0.62.622,2025-07-25 16:39:55,,,9.0.62.622
1629f33b-aa71-4a6e-b064-debd8d6f7350,Samuel Adegbiji,https://play-lh.googleusercontent.com/a/ACg8ocJnzzLIE6QKjZbuR96v6nzExYlWPIwVxP0ZKpyF-J1IQVwYVg=mo,I just love this app,5,0,9.0.60.614,2025-07-25 16:38:41,,,9.0.60.614
f0f2d92f-3281-47a6-8ccd-a3b6766612bc,ƒímm√£ √ául√£t√´,https://play-lh.googleusercontent.com/a/ACg8ocK1I1MTOo4ktJkTNmYhLjcqeZdlPiV75kdE1hG0GyKg0uLD-g=mo,love this app,5,0,,2025-07-25 16:37:41,,,
e2d71109-e992-436e-ac76-c54687e1bbd4,Catherine Carter,https://play-lh.googleusercontent.com/a-/ALV-UjVBpyLR3RBcLjHSbY7o3i3Z3fHOKsF8yfxFXgRCH8yrWmmvZjw,love the app. I have yet to get recommended a song I didn't like,5,0,9.0.64.608,2025-07-25 16:33:19,,,9.0.64.608
48e7e901-a449-4db6-a14f-bc9218658aa6,Manu Sharma,https://play-lh.googleusercontent.com/a-/ALV-UjVdDi-dIy9Cx2JIpBW7H2RkeXtuv4OjGshrh2dYat2NiCenDRg,it was awesome when it had no restriction on mod apks...üòíüòí,4,0,9.0.62.622,2025-07-25 16:27:26,,,9.0.62.622
175a3465-c287-4a64-9f1d-83451577a5e7,Constantin Kolynos,https://play-lh.googleusercontent.com/a/ACg8ocIwTTNnWIyGfxo3jLZj4t5o-RJKc-7DCxP0wAFUdN4tPk8rzFc=mo,I love it !,5,0,9.0.62.622,2025-07-25 16:25:42,,,9.0.62.622
2bedd22e-e0e1-4ee5-b201-ce7b98a4d20d,Faisal -,https://play-lh.googleusercontent.com/a-/ALV-UjWICyiBtcg6B7iwQQfe_U6S-z2cjYoSy7DNbuqet5dEI2Mn5-Lx,shittiest experience of my life. so many ads for both premium and between songs,1,2,,2025-07-25 16:25:33,"Hi. We're open to feedback, and we'd love to get some more info about this. If you have the time, give our Customer Service a shout. You can find them by heading to support.spotify.com and searching ""Contact us"".",2025-07-25 16:34:26,
519e6e55-1630-4f92-a920-411391848c57,Godfrey nyanzi,https://play-lh.googleusercontent.com/a-/ALV-UjVqNodeAfK5fcpfjJpTuxuDIfCjQb1xiDrVfuOn4DM9mZgz9JlD,Good,4,0,9.0.64.608,2025-07-25 16:24:24,,,9.0.64.608
