reviewId,userName,userImage,content,score,thumbsUpCount,reviewCreatedVersion,at,replyContent,repliedAt,appVersion,content_vader,content_ml,sentiment_score,sentiment_label
5f87fcb0-39ec-4bce-9171-dcf4aab293f7,Edikan Victor,https://play-lh.googleusercontent.com/a/ACg8ocIwAaslpeJSH2cKhkP1RgyOWJa4UtWvWpnWaMRQIBKSRMDE9A=mo,I love this app. It allows you to play songs in the background on the free version,5,0,9.0.62.622,2025-07-24 14:31:48,,,9.0.62.622,I love this app. It allows you to play songs in the background on the free version,i love this app it allows you to play songs in the background on the free version,0.872,positive
3705585c-74ef-488d-8848-a7c35ea538bc,Devio Doussey,https://play-lh.googleusercontent.com/a-/ALV-UjXuHtZfErFCW6fT36f_eZHZ2ck1RXS9eVisW7OGzfmQWSQWZ7cQ,This is a very good app but there's something little I noticed. The app isn't truly Fullscreen on Android . There's a black bar at the top that ruins the immersive experience. Other apps and even Spotify on iOS use the full screen properly. Please fix this and add a true fullscreen for Android.,4,0,9.0.62.622,2025-07-24 13:33:28,,,9.0.62.622,This is a very good app but there's something little I noticed. The app isn't truly Fullscreen on Android . There's a black bar at the top that ruins the immersive experience. Other apps and even Spotify on iOS use the full screen properly. Please fix this and add a true fullscreen for Android.,this is a very good app but theres something little i noticed the app isnt truly fullscreen on android theres a black bar at the top that ruins the immersive experience other apps and even spotify on ios use the full screen properly please fix this and add a true fullscreen for android,0.4566,positive
b7339f8c-75fb-47e2-a9f1-f2cec5d418dd,Brett Ward,https://play-lh.googleusercontent.com/a/ACg8ocLb8oWYPFnGjUqC9-P1OEw4bGDGwRxho-3fjbn89YycXNDUWg=mo,üëç,5,0,9.0.62.622,2025-07-24 13:39:20,,,9.0.62.622,üëç,,0.0,neutral
3c1323cf-05ee-48dd-a534-d410f0127207,Janvier Niyonkuru,https://play-lh.googleusercontent.com/a/ACg8ocJgWUHuu4oxGBveadBr7PvCfIpZw6iI_LwXnqMtMwj7pE085A=mo,"Feel like I'm being punished for using the free version. Frequent ads and almost allowed no single function to use while playing. Otherwise, great.",2,1,9.0.62.622,2025-07-24 12:32:42,,,9.0.62.622,"Feel like I'm being punished for using the free version. Frequent ads and almost allowed no single function to use while playing. Otherwise, great.",feel like im being punished for using the free version frequent ads and almost allowed no single function to use while playing otherwise great,0.7769,positive
e85a4077-3ee0-45f6-87dd-dcafbda1c48e,Chandni Singh,https://play-lh.googleusercontent.com/a/ACg8ocKMqPOZUjGfvVn6JBqg-G1ZgtitNheiorKtbEYdyvCl57dcZ0c=mo,very good,5,0,9.0.62.622,2025-07-24 13:17:23,,,9.0.62.622,very good,very good,0.4927,positive
9bcfa9db-9e13-4ee0-abdb-cf8eb59d244b,ConnieTheSigma,https://play-lh.googleusercontent.com/a-/ALV-UjX3QWNd-6hlEAgzw5yxhhYjmWq5LPoy0JElaq6kvgFZbMmhchL3,"the app is honestly great and all but I hate the fact how after almost every song there's like 3 ads. I also think it's unfair how people with phones can't turn off shuffle but people with laptops or iPad can. I also hate how it sometimes plays songs that aren't in my Playlist, especially when it's a soundtrack of like a musical or something, it gets extremely annoying. But other than that, the app is great.",3,0,9.0.62.622,2025-07-24 12:03:03,,,9.0.62.622,"the app is honestly great and all but I hate the fact how after almost every song there's like 3 ads. I also think it's unfair how people with phones can't turn off shuffle but people with laptops or iPad can. I also hate how it sometimes plays songs that aren't in my Playlist, especially when it's a soundtrack of like a musical or something, it gets extremely annoying. But other than that, the app is great.",the app is honestly great and all but i hate the fact how after almost every song theres like 3 ads i also think its unfair how people with phones cant turn off shuffle but people with laptops or ipad can i also hate how it sometimes plays songs that arent in my playlist especially when its a soundtrack of like a musical or something it gets extremely annoying but other than that the app is great,-0.4659,negative
0e2bd073-1760-4c89-84e7-04c85ed2be78,arvind,https://play-lh.googleusercontent.com/a-/ALV-UjW4tSBY_PpA_2eK6rRGTPgtHPO_pZOBvomGJ1tVh045YtDycTTE,RAVINDRA SIR,3,0,9.0.62.622,2025-07-24 13:11:43,,,9.0.62.622,RAVINDRA SIR,ravindra sir,0.0,neutral
48265877-91a2-4d69-8e03-8291ad453df8,Shabbir Ghadiyali,https://play-lh.googleusercontent.com/a/ACg8ocI7lVa-ygjmGtN65hPbh0ah0Wu_IITCTHVdnc3F_l1st5_zzA=mo,good,5,0,9.0.62.622,2025-07-24 15:13:54,,,9.0.62.622,good,good,0.4404,positive
ee41418b-ad9d-448c-a194-62cdfb80b1cc,Jordan (BOMMaverick),https://play-lh.googleusercontent.com/a/ACg8ocIiA9xBZMUWXJBYBCSpdSxcWWORgU1kvpRpb5zf_8iYlDyeTA=mo,3 stars cause ads are too frequent,3,0,9.0.62.622,2025-07-24 15:16:22,,,9.0.62.622,3 stars cause ads are too frequent,3 stars cause ads are too frequent,0.0,neutral
fe70888f-8ca8-405b-9774-360004a86603,mu≈°ka,https://play-lh.googleusercontent.com/a-/ALV-UjWanPKHnyA6qIav7mHNqntPrG2XCCP5rLiAC6rF217s83Afk9cX,miluju,5,0,9.0.62.622,2025-07-24 15:03:09,,,9.0.62.622,miluju,miluju,0.0,neutral
f1cc9342-1eb7-41d4-b02d-535fe789bd11,Shourya Singh,https://play-lh.googleusercontent.com/a/ACg8ocJLY9JE-sejfL1woRoa-syUyngPu0iL389diV8QW7reh7jhJw=mo,It's a very good app,5,0,9.0.62.622,2025-07-24 14:05:51,,,9.0.62.622,It's a very good app,its a very good app,0.4927,positive
3fb050a1-00ec-4305-afb6-4930e8507483,Sushma Jaswal,https://play-lh.googleusercontent.com/a/ACg8ocIhr63cRJ3oVQiOgbtwIIiKURfe5D4P0HgfdqtrUaGjEMbTsw=mo,awesome,5,0,9.0.62.622,2025-07-24 11:33:24,,,9.0.62.622,awesome,awesome,0.6249,positive
a88e50e6-e7dd-44c5-a00d-fcf768f1c067,Brianna,https://play-lh.googleusercontent.com/a/ACg8ocKZj-qe2F1SijlQ_EE2QOakKzEccVHqlkL2leVPYud9I2ftLA=mo,very good,5,0,9.0.62.622,2025-07-24 13:31:00,,,9.0.62.622,very good,very good,0.4927,positive
9b433b9f-54c9-4f2e-90e1-a2f1ebc0e150,Angela Brown,https://play-lh.googleusercontent.com/a-/ALV-UjX5zO5LrMG6nV2-KDhbiFwfegXKthZrVaQSPbtl1bp8NGFhmLK_,amazing i love it so much,5,0,9.0.62.622,2025-07-24 11:57:51,,,9.0.62.622,amazing i love it so much,amazing i love it so much,0.8402,positive
7067f5e3-bb88-48be-880b-c6a985c87bde,Andrew Clark,https://play-lh.googleusercontent.com/a-/ALV-UjVHs_kH7PsICorCHd5C2maQf0scZx7qOGeHhtD9DWaschVCv_yt,"used to be decent, but greed and stupidity have turned it into another reason to pirate. not paying 13 a month to listen to music i can get for free. can't even skip a song without paying. developers are money grubbing bottom feeders. recomend deleting this app and finding another way to listen to your music. there are tons of cheaper and even free ways to listen to music.",1,0,9.0.62.622,2025-07-24 14:25:47,,,9.0.62.622,"used to be decent, but greed and stupidity have turned it into another reason to pirate. not paying 13 a month to listen to music i can get for free. can't even skip a song without paying. developers are money grubbing bottom feeders. recomend deleting this app and finding another way to listen to your music. there are tons of cheaper and even free ways to listen to music.",used to be decent but greed and stupidity have turned it into another reason to pirate not paying 13 a month to listen to music i can get for free cant even skip a song without paying developers are money grubbing bottom feeders recomend deleting this app and finding another way to listen to your music there are tons of cheaper and even free ways to listen to music,0.3612,positive
98b5fa2a-f63a-4591-9e89-41e4be95048e,Ashlesha Tiwari,https://play-lh.googleusercontent.com/a-/ALV-UjX-KJCtaiLP-GOS3w3dXWN_BtyRIMCPCjkEm8BpJ5_y_QQGmXI,"besttt, what i do without Spotify>>>>",5,0,9.0.62.622,2025-07-24 12:31:32,,,9.0.62.622,"besttt, what i do without Spotify>>>>",besttt what i do without spotify,0.0,neutral
833d8a2c-38d7-4dfb-ba9f-05ac727f5d05,Jared Marcus Mejorada,https://play-lh.googleusercontent.com/a-/ALV-UjUw0OFnYozCHQUvDQsPpFzNloepi2h1pMFMm9QXC-kjBlxXx9g,"They try anything to try and get you to download premium, they are too greedy and even youtube music is better than this, i cant even tap a song without a pop up saying "" oh you need premium to select musics you want to play"" like bro just let me be, you will lose more users meaning you will lose more money, greedy app.",1,0,9.0.62.622,2025-07-24 14:48:54,,,9.0.62.622,"They try anything to try and get you to download premium, they are too greedy and even youtube music is better than this, i cant even tap a song without a pop up saying "" oh you need premium to select musics you want to play"" like bro just let me be, you will lose more users meaning you will lose more money, greedy app.",they try anything to try and get you to download premium they are too greedy and even youtube music is better than this i cant even tap a song without a pop up saying oh you need premium to select musics you want to play like bro just let me be you will lose more users meaning you will lose more money greedy app,-0.2911,negative
7da5ae0e-7442-404a-87f8-d710afa079dd,Shivanand Yadav,https://play-lh.googleusercontent.com/a-/ALV-UjWw0D9CmPX_IE9BpV49f_QAnXkxOB62RRbX_ABwJgCeBnIynP0,improve,1,1,9.0.62.622,2025-07-24 11:35:46,,,9.0.62.622,improve,improve,0.4404,positive
d0c78f79-f6b7-4b4f-8f3a-3e4f4ee2a1a7,Rayhan Morol,https://play-lh.googleusercontent.com/a-/ALV-UjWzCQlO8-e-fgzqfl9yQOINnoELOm7wtHSjPtrz-liZshC0n7A,Just Amazing,5,0,9.0.62.622,2025-07-24 14:47:27,,,9.0.62.622,Just Amazing,just amazing,0.5859,positive
b17ff58e-696f-4979-893a-96d0e8ce304e,Lerato Prudence,https://play-lh.googleusercontent.com/a-/ALV-UjVh2tU7YyNG1sjSthK7rbXG-0zg5I8NJbZbDI93ocv2FmWz6I8,exceptional,5,0,9.0.62.622,2025-07-24 11:12:46,,,9.0.62.622,exceptional,exceptional,0.0,neutral
30273f4c-6892-4d8c-8aec-8d68618fd7d8,Lori Fisher,https://play-lh.googleusercontent.com/a/ACg8ocKQSprMSIbFWyIawYcJPCSRHdt04BGfeOSCr2u2beSvAAB7ee4=mo,Love it!!!,5,0,9.0.62.622,2025-07-24 13:27:13,,,9.0.62.622,Love it!!!,love it,0.7249,positive
e8e04152-3e42-4820-8f46-4ab40481a746,Arpit Maurya,https://play-lh.googleusercontent.com/a-/ALV-UjV1No8nzWhdOhitNdWqiDXJ2geDuUiLpVbP07uXihBGRfjqGDG-Rw,nice,5,0,9.0.62.622,2025-07-24 12:26:48,,,9.0.62.622,nice,nice,0.4215,positive
1d11835e-9e3c-4fc1-b386-1198a7888148,Iliqn Kijev,https://play-lh.googleusercontent.com/a/ACg8ocLnifFyqDVDApH48PnYHUimlzueNko8Cq72Db2YqS2chMYMPg=mo,"the best app ever, I swear bro this is a game changer",5,0,9.0.62.622,2025-07-24 15:11:34,,,9.0.62.622,"the best app ever, I swear bro this is a game changer",the best app ever i swear bro this is a game changer,0.6124,positive
da71a66c-4764-41dc-bcda-e3ffffa2a76c,CANSU ERALP,https://play-lh.googleusercontent.com/a-/ALV-UjXRS5ek1hplgq6HkxpSv21l9NY-2ymOerPznmns0HaTqkMjNm6v,"ok some ads are about premium, man if people don't want to buy premium or can't for some reason let them! stop forcing people to buy premium! they know what it does. and 20-30 ads deserve to be removed since its SOO LONG. And imagine getting those ads 2 times...",2,6,9.0.62.622,2025-07-24 14:08:49,"Hi! We'll pass this on to our Ads team. Have you tried a quick reinstall? If that doesn't help, you should give our Customer Service a shout. You can find them by heading to support.spotify.com and searching ""Contact us"". They'll help you report on the ad frequency.",2025-07-24 16:53:38,9.0.62.622,"ok some ads are about premium, man if people don't want to buy premium or can't for some reason let them! stop forcing people to buy premium! they know what it does. and 20-30 ads deserve to be removed since its SOO LONG. And imagine getting those ads 2 times...",ok some ads are about premium man if people dont want to buy premium or cant for some reason let them stop forcing people to buy premium they know what it does and 2030 ads deserve to be removed since its soo long and imagine getting those ads 2 times,-0.2037,negative
8f60a436-7467-460e-bbfb-60b4e86cedf4,emma bbg,https://play-lh.googleusercontent.com/a-/ALV-UjVaz5Xh3mp3tFyd7i-95P65lDmUNuIyNKgvCuoAvaD8sQgktURjPg,"i got the family premium plan while it was on sale so with pricing id say i got pretty lucky. the quality of spotify is amazing, especially with the ability to adjust quality and volume playback within the app. the amount of features you get within spotify for free, like spotify wrapped and other limited - time events ( playlist in a bottle, the fortune telling one, etc. ) are super fun and add to the app. i have no negatives for spotify other than bringing back playlist in a bottle !",5,0,9.0.62.622,2025-07-24 13:54:55,,,9.0.62.622,"i got the family premium plan while it was on sale so with pricing id say i got pretty lucky. the quality of spotify is amazing, especially with the ability to adjust quality and volume playback within the app. the amount of features you get within spotify for free, like spotify wrapped and other limited - time events ( playlist in a bottle, the fortune telling one, etc. ) are super fun and add to the app. i have no negatives for spotify other than bringing back playlist in a bottle !",i got the family premium plan while it was on sale so with pricing id say i got pretty lucky the quality of spotify is amazing especially with the ability to adjust quality and volume playback within the app the amount of features you get within spotify for free like spotify wrapped and other limited time events playlist in a bottle the fortune telling one etc are super fun and add to the app i have no negatives for spotify other than bringing back playlist in a bottle,0.9704,positive
686bc723-8e43-409e-bbf9-e5dafb737356,Khushi Shankhwar,https://play-lh.googleusercontent.com/a-/ALV-UjVyph_yDMin7SCr5WSaJbxZODLPUspBoM1Pq18IKxi6V_nCwtHd,poor,1,1,9.0.62.622,2025-07-24 12:46:42,,,9.0.62.622,poor,poor,-0.4767,negative
2a71e34e-fe23-4013-9094-46a56a287158,jhasaketan khamari,https://play-lh.googleusercontent.com/a-/ALV-UjX2BB1x_st3HGEgA2ozbMoSyiBftaLqI9PBMuZx9Glr7Ehcrhb0hg,nice üëç,5,0,9.0.62.622,2025-07-24 14:43:34,,,9.0.62.622,nice üëç,nice,0.4215,positive
e13e84a5-1833-49dd-869f-7440bedd1116,derrick kiptoo,https://play-lh.googleusercontent.com/a/ACg8ocK1sOfBRbSdrw-pvZ1joc58z0yrRN5tyZzL0sHVmmS_u23pEw=mo,Amazing,5,0,9.0.62.622,2025-07-24 14:15:36,,,9.0.62.622,Amazing,amazing,0.5859,positive
dc445aee-296b-44ad-8e82-9db807d21eb0,Okonkwo Onyedikachi David,https://play-lh.googleusercontent.com/a-/ALV-UjWLeII73azjAkv1X1jVkn1to7dz2f9e3KlhnCEIVv7X42rhLAZ_,awesome üòé,5,0,9.0.62.622,2025-07-24 13:30:31,,,9.0.62.622,awesome üòé,awesome,0.7964,positive
a6e4f1a6-4660-4cf9-8c1c-3f099c448f8d,Tarun Sai,https://play-lh.googleusercontent.com/a/ACg8ocLm6U4tKcRITjqDpBt_jMLSpZI7HTYfGId5e22WKpVMRRQ8urk=mo,even though we get all songs there are too many advertisements every now and then advertisements flash,1,1,9.0.62.622,2025-07-24 11:21:22,"Hi! We'll pass this on to our Ads team. Have you tried a quick reinstall? If that doesn't help, you should give our Customer Service a shout. You can find them by heading to support.spotify.com and searching ""Contact us"". They'll help you report this.",2025-07-24 12:17:20,9.0.62.622,even though we get all songs there are too many advertisements every now and then advertisements flash,even though we get all songs there are too many advertisements every now and then advertisements flash,0.0,neutral
d3c5e3a7-9006-4dda-bc8a-bc07c99bbfc5,Prem Gupta,https://play-lh.googleusercontent.com/a/ACg8ocLFcWeTmfoFpjY3UF-EHvqpq0jEY1be2817uWOqtNxHgMiOSg=mo,"good we can bore or study,work then you open Spotify and enjoyüí§",5,0,9.0.62.622,2025-07-24 12:03:35,,,9.0.62.622,"good we can bore or study,work then you open Spotify and enjoyüí§",good we can bore or studywork then you open spotify and enjoy,0.4404,positive
2b2874be-4119-4e56-9d7c-8b848f5b75aa,David Alex,https://play-lh.googleusercontent.com/a-/ALV-UjXo34dx3sN3iAzpzm779gJmQS2L9nOf9XSSXgS2dsD1uCoweIK-,perfect,5,0,9.0.62.622,2025-07-24 12:39:55,,,9.0.62.622,perfect,perfect,0.5719,positive
af679683-d655-4fb3-a4b4-e5a3e6487ee8,Biggie Thaba,https://play-lh.googleusercontent.com/a-/ALV-UjWTLh4AV4CCtU1Ewxt_Fe-dsVm_Ydv-_e1U3vsje3kWt_kZL2rd,SUCH A NICE APP,5,0,9.0.62.622,2025-07-24 12:51:36,,,9.0.62.622,SUCH A NICE APP,such a nice app,0.4215,positive
64270a43-6292-4cdf-9212-cc88f880ea6a,Utsav Narayan,https://play-lh.googleusercontent.com/a/ACg8ocLNqXvZDDNjrXsMevvq70fcutFj34tlLG6lgYwll2yHnUBnFg=mo,üßø,5,0,9.0.62.622,2025-07-24 14:36:21,,,9.0.62.622,üßø,,0.0,neutral
06eb35df-e1ea-4ef9-a04f-6ef67c157fe0,Iftekhar Ahmed,https://play-lh.googleusercontent.com/a-/ALV-UjVxoVS75E3odTO3fWy4dFCpMiHXMK5i0M7jMfX0mvEsKbma2PKS,Best app bhaiüëø,5,0,9.0.62.622,2025-07-24 11:15:32,,,9.0.62.622,Best app bhaiüëø,best app bhai,0.2263,positive
b99a3611-9996-4ee2-9753-8f0c7c88dd8d,Onya Patrick,https://play-lh.googleusercontent.com/a/ACg8ocL2ZcVHNQhwu4_K6XQD5nSqudefPKXMiSs_6R67XRWJ85idsA=mo,wonderful app,5,0,9.0.62.622,2025-07-24 14:21:26,,,9.0.62.622,wonderful app,wonderful app,0.5719,positive
e2d324c0-ac7b-489c-a8a6-91255a7c1d48,Sungti Mchen,https://play-lh.googleusercontent.com/a/ACg8ocJzU1wvUeeW4egx6VCo0KZebcD5yduknZvtDuI5yN8fbLPWhw=mo,excellentüíØ,5,0,9.0.62.622,2025-07-24 13:36:02,,,9.0.62.622,excellentüíØ,excellent,0.5719,positive
56d7c495-7f23-4561-bc43-496ea99ed535,Adeline Sawyer,https://play-lh.googleusercontent.com/a/ACg8ocKetM44IghsLHt6_58Pbza8ETGYej8y3Rn_15Fgl_NtSOEtLA=mo,"i love it, but it would be nice if the ads could be toned down a bit, as after every song there is at least two ads. also it would be nice if there could be lyrics on Chromebook, since I mostly use my laptop, and using the web player is glitchy.",4,0,9.0.62.622,2025-07-24 12:22:21,,,9.0.62.622,"i love it, but it would be nice if the ads could be toned down a bit, as after every song there is at least two ads. also it would be nice if there could be lyrics on Chromebook, since I mostly use my laptop, and using the web player is glitchy.",i love it but it would be nice if the ads could be toned down a bit as after every song there is at least two ads also it would be nice if there could be lyrics on chromebook since i mostly use my laptop and using the web player is glitchy,0.875,positive
5f03f886-2aea-4d40-978c-a64f97607fd0,aarav dave,https://play-lh.googleusercontent.com/a-/ALV-UjXJxsTWCP-2Ia42zHVt5PbeaJkEFEEA5RjNHSSKWvfNsI2RtUY,good,5,0,9.0.62.622,2025-07-24 12:12:20,,,9.0.62.622,good,good,0.4404,positive
8b5624af-a135-4dd1-9d73-5682c8719b78,Kyle D,https://play-lh.googleusercontent.com/a-/ALV-UjX6riIOIYfmNUBhJSbGkQI0HSfbjTZFYv5gXEk6pKFj_IV5lBC8,so good it has so many songs 10/10,5,0,9.0.62.622,2025-07-24 13:57:01,,,9.0.62.622,so good it has so many songs 10/10,so good it has so many songs 1010,0.4927,positive
faa6a66b-6d96-4536-a1c9-3a6f0ff93aaf,Anya Desiree Rose,https://play-lh.googleusercontent.com/a/ACg8ocI_3FQqFyEl-4Qw-vn-CrKzSpzhErZH3hPMi6Yku8UUelxOgA=mo,I enjoy it,5,0,9.0.62.622,2025-07-24 11:59:32,,,9.0.62.622,I enjoy it,i enjoy it,0.4939,positive
72736c4c-8e98-402f-b779-50955df7f4e9,Reem Basha,https://play-lh.googleusercontent.com/a/ACg8ocL5H6b0iHsuSsnvpvVIdcpRQ8Nau32PgzHlYCebfbPTRifA6Q=mo,ŸäÿØÿπŸÖ ÿßŸÑŸÉŸäÿßŸÜ ÿßŸÑÿµŸáŸäŸàŸÜŸä,1,0,9.0.62.622,2025-07-24 13:13:20,,,9.0.62.622,ŸäÿØÿπŸÖ ÿßŸÑŸÉŸäÿßŸÜ ÿßŸÑÿµŸáŸäŸàŸÜŸä,,0.0,neutral
84a85719-8ea1-4150-9854-d16b8e39112e,Aradhya Jain,https://play-lh.googleusercontent.com/a/ACg8ocLAQJG9nvkcPfo2W5S4Mzyv8pVFlU-vQxcgyadr_oyYndpCFcw=mo,the worst music app because of many ads and unskippable songs,1,0,9.0.62.622,2025-07-24 14:53:52,,,9.0.62.622,the worst music app because of many ads and unskippable songs,the worst music app because of many ads and unskippable songs,-0.6249,negative
8b764509-7dbb-43c5-bd7d-5284de297e7f,Lord Bryan,https://play-lh.googleusercontent.com/a-/ALV-UjUQN0wVI5CfZ3cwMDGEYrxUjlOlPJ7nUxI4xp6CUYorvqNiiwQ,"Overall the best music streaming app I'm quite satisfied about everything except the fact that my own acct is stuck on smart shuffle keeps adding songs I don't want to listen to,I can't play backwards only forward it's pissing me off and also if I login on a different device it doesn't stay on smart shuffle,for example in currently using an Infinix hot 7 to write this review but on my Samsung Galaxy tab a 7lite it doesn't show smart shuffle please if you can do something please help out",5,0,9.0.62.622,2025-07-24 13:46:32,,,9.0.62.622,"Overall the best music streaming app I'm quite satisfied about everything except the fact that my own acct is stuck on smart shuffle keeps adding songs I don't want to listen to,I can't play backwards only forward it's pissing me off and also if I login on a different device it doesn't stay on smart shuffle,for example in currently using an Infinix hot 7 to write this review but on my Samsung Galaxy tab a 7lite it doesn't show smart shuffle please if you can do something please help out",overall the best music streaming app im quite satisfied about everything except the fact that my own acct is stuck on smart shuffle keeps adding songs i dont want to listen toi cant play backwards only forward its pissing me off and also if i login on a different device it doesnt stay on smart shufflefor example in currently using an infinix hot 7 to write this review but on my samsung galaxy tab a 7lite it doesnt show smart shuffle please if you can do something please help out,0.8152,positive
33de721e-b4d2-41e9-a58a-7870d60aac55,Tomas Medrano,https://play-lh.googleusercontent.com/a-/ALV-UjVPOMgjWXs8WMgEwm94nesDhVd1X6jY5Ol15rzeEneHsq8x1sPR,sus,5,0,9.0.62.622,2025-07-24 13:00:24,,,9.0.62.622,sus,sus,0.0,neutral
1c754cc5-9732-4c4c-a857-5e70b1caf553,Jyoti Mahar,https://play-lh.googleusercontent.com/a/ACg8ocLKCTp5oDIXtx7SmrB1bgZ-UjLJ0JSGiq31f5Ky0zSU-vO7MQ=mo,Ads are more... this is too disabled and disturbing for me.,2,0,9.0.62.622,2025-07-24 14:12:09,,,9.0.62.622,Ads are more... this is too disabled and disturbing for me.,ads are more this is too disabled and disturbing for me,-0.5106,negative
2f0fd42d-8d4c-481e-878b-0a904b21de98,Akash K,https://play-lh.googleusercontent.com/a/ACg8ocJvdYhDzYdAUirUXxHiRRxG6NBtnjITHQGQkW421ZIiuD_Suw=mo,please reduce ads,1,0,9.0.62.622,2025-07-24 15:25:00,,,9.0.62.622,please reduce ads,please reduce ads,0.3182,positive
a5bda656-b725-479b-af95-149970fa2c34,Jason Julian,https://play-lh.googleusercontent.com/a-/ALV-UjXiiQxscw_DggLduwQVpGwqt1vIKALb45OE5KziB_kg6yfy9Ylu,I love Spotify!!!!!!!,5,0,9.0.62.622,2025-07-24 14:03:40,,,9.0.62.622,I love Spotify!!!!!!!,i love spotify,0.7482,positive
1f0c9e3c-a436-4e2e-b575-51ac430541f7,Heather Grimwood,https://play-lh.googleusercontent.com/a-/ALV-UjWCL1aKSg05_BVLn7ojyHAw8MFM_2A7PnG4eAQFxUFkQLsf-VqP,easy clear instructions.,5,0,9.0.62.622,2025-07-24 12:48:35,,,9.0.62.622,easy clear instructions.,easy clear instructions,0.6705,positive
621dfaca-0b1d-4ae0-a2ef-52f64d317786,colleciacollen Khoza,https://play-lh.googleusercontent.com/a/ACg8ocLm0fNVU4GBjx0RB-bI_rf5XQwULR5Y6DMovO620oZ4mRHuDA=mo,Fantastic,5,0,9.0.62.622,2025-07-24 12:01:13,,,9.0.62.622,Fantastic,fantastic,0.5574,positive
56b6955a-9726-41bd-b62e-387c415865c6,Hayin B,https://play-lh.googleusercontent.com/a-/ALV-UjXn-bMJWCgd1lhdrp98HYq1zBjfsH5gvj6Lw51S1XVH3RHR5W22,"Spotify is great and I love listening to songs, but the ads have gotten out of control. I have to watch 6 ads before listening to a song, and if I try changing the song ONE time, it'll give me 6 ads again even if I just listened to them. I personally feel like Spotify has gotten greedy with money being the fact they already make so much money.",3,0,9.0.62.622,2025-07-24 15:01:32,,,9.0.62.622,"Spotify is great and I love listening to songs, but the ads have gotten out of control. I have to watch 6 ads before listening to a song, and if I try changing the song ONE time, it'll give me 6 ads again even if I just listened to them. I personally feel like Spotify has gotten greedy with money being the fact they already make so much money.",spotify is great and i love listening to songs but the ads have gotten out of control i have to watch 6 ads before listening to a song and if i try changing the song one time itll give me 6 ads again even if i just listened to them i personally feel like spotify has gotten greedy with money being the fact they already make so much money,0.6652,positive
59ca2d24-65df-49ae-b362-90a177fbab6c,Kayla,https://play-lh.googleusercontent.com/a-/ALV-UjUuaBy1XWpErnDUHtScsG3p8mPVryg44-uCWQPuY7pFYlMlM-Gv,buggy and the creator of the app is bad the only reason I keep it is because I dont have the space for physical media,2,0,9.0.62.622,2025-07-24 12:50:54,,,9.0.62.622,buggy and the creator of the app is bad the only reason I keep it is because I dont have the space for physical media,buggy and the creator of the app is bad the only reason i keep it is because i dont have the space for physical media,-0.5423,negative
92ad34e7-0132-44ef-8d25-9ff360949837,Tino Max,https://play-lh.googleusercontent.com/a-/ALV-UjUiRTwittlxI4KmTv9w4UcAQHbFnKs6688m7TyNlBmVrpEW1dw,the best music I ever used,5,0,9.0.62.622,2025-07-24 12:41:08,,,9.0.62.622,the best music I ever used,the best music i ever used,0.6369,positive
467845c5-006b-4052-b62c-49576947ad47,KAMALAPURE SIDRAM,https://play-lh.googleusercontent.com/a-/ALV-UjWsPYREQaMVT9zJOYHPVRr1N_AxNX2dJbxv3X27ghllxgW8cl8aVg,very good quality of sound super,5,0,9.0.62.622,2025-07-24 13:36:29,,,9.0.62.622,very good quality of sound super,very good quality of sound super,0.796,positive
31a42afc-53e7-4504-ac95-f47b7f033142,Manish Meena,https://play-lh.googleusercontent.com/a-/ALV-UjUbZCIAsCumT5f-TJpPCMybrvnp-6hdDHxmzZz1RV4gj6e_3tMIpw,too much ads,1,0,9.0.62.622,2025-07-24 13:22:02,"Hi! We'll pass this on to our Ads team. Have you tried a quick reinstall? If that doesn't help, you should give our Customer Service a shout. You can find them by heading to support.spotify.com and searching ""Contact us"". They'll help you report this.",2025-07-24 16:38:50,9.0.62.622,too much ads,too much ads,0.0,neutral
2def2d17-1124-4b6c-9f0b-6d8d4ee2a773,Aobakwe Mongala,https://play-lh.googleusercontent.com/a/ACg8ocIU3LZEopnvG3hSt_nNidj7apKUgUNh_QCen8Levfg2hB1JsQ=mo,less ads,5,0,9.0.62.622,2025-07-24 13:40:33,,,9.0.62.622,less ads,less ads,0.0,neutral
4bd393fb-1d44-450f-ba9d-df69af06e876,Dj Reiff,https://play-lh.googleusercontent.com/a/ACg8ocJGb8nmlWw-UJv_9wYHUcu5c7l_Q_EPeMHWz-Oamk_vi_dGwQ=mo,every song gives me adds,3,0,9.0.62.622,2025-07-24 14:34:57,"Hey! We hear you and we'll pass your feedback along to the Ads team. For an ad-free experience, we'd recommend checking out our Premium plans by heading over to spotify.com/premium. If you've never had Premium before, you should be eligible for our trial.",2025-07-24 16:57:08,9.0.62.622,every song gives me adds,every song gives me adds,0.0,neutral
49396253-47a0-4789-b5d8-4f2149a98ef5,Sid Kattoju,https://play-lh.googleusercontent.com/a-/ALV-UjVrKs8HhkiLy28--7nLTeMAiojP0zvX83iF3-dm4Jfvw-f2yt3I,I revoke my 5 star review due to ever deteriorating sound quality and UX issues due to caching not to mention more and more limited instances of serendipitous content discovery. The worst part is having to listen to ads despite being a paying customer.,1,0,9.0.62.622,2025-07-24 12:46:23,,,9.0.62.622,I revoke my 5 star review due to ever deteriorating sound quality and UX issues due to caching not to mention more and more limited instances of serendipitous content discovery. The worst part is having to listen to ads despite being a paying customer.,i revoke my 5 star review due to ever deteriorating sound quality and ux issues due to caching not to mention more and more limited instances of serendipitous content discovery the worst part is having to listen to ads despite being a paying customer,-0.762,negative
f358cfc3-248e-4bf5-bffc-4253c421d9cf,Kesha W.,https://play-lh.googleusercontent.com/a-/ALV-UjVvHK4tA-LHBy4u3yHqBY9jEUvYdqr_q9skFLR696CZr7DlxuNdcA,Top fav music app!,5,0,9.0.62.622,2025-07-24 13:46:06,,,9.0.62.622,Top fav music app!,top fav music app,0.6239,positive
142c129a-c946-4e7d-82ee-bd502f108c8d,Shawn Briley,https://play-lh.googleusercontent.com/a-/ALV-UjXZGZsl3-xu8AUF00IgZLYdeI7PnM-tLxZWZmywzKn3v-FOkrKO,"my algorithm is popping, I love that they know me",5,0,9.0.62.622,2025-07-24 11:10:31,,,9.0.62.622,"my algorithm is popping, I love that they know me",my algorithm is popping i love that they know me,0.6369,positive
b3a87849-0c0c-4299-8154-9df211957b5a,Atiati Hilda ene,https://play-lh.googleusercontent.com/a-/ALV-UjV5M23mFrTsAUG0EO9r1WwRvVTrXMwMssSbsMaPJRuS3L7_8ENA,all my favorite songs are on this app,5,0,9.0.62.622,2025-07-24 14:59:13,,,9.0.62.622,all my favorite songs are on this app,all my favorite songs are on this app,0.4588,positive
ef108417-2e6c-4393-a959-cacd9e34eb50,Szymon Predel,https://play-lh.googleusercontent.com/a-/ALV-UjWAgGBPXWcbE9fwmumB1m-NxH4Dj1CP9BmxGlwbtPiJfGht40ed,"terrible business practices, wish things were different",1,0,9.0.62.622,2025-07-24 15:25:13,,,9.0.62.622,"terrible business practices, wish things were different",terrible business practices wish things were different,-0.1027,negative
a2b8075f-c83f-485a-a92b-3805de389192,m.j mrp,https://play-lh.googleusercontent.com/a-/ALV-UjWs2thppw4q-C-6fGQ9zsq5FQkS1V9tJ4LW2T6MRN9rZKt8lmY,A problem with Spotify is that downloads are skipping and need to be downloaded again.,5,0,9.0.62.622,2025-07-24 13:31:44,,,9.0.62.622,A problem with Spotify is that downloads are skipping and need to be downloaded again.,a problem with spotify is that downloads are skipping and need to be downloaded again,-0.4019,negative
861c7a26-8004-434d-9e3e-6ebc7bc044cf,Joshua,https://play-lh.googleusercontent.com/a-/ALV-UjUfT3keHgoAzGgxfZ8DgWIEQpbJJraHLtxujEaYyB77t_dHALS4,I have nothing to complain about. Service is reliable.,5,0,9.0.62.622,2025-07-24 11:58:22,,,9.0.62.622,I have nothing to complain about. Service is reliable.,i have nothing to complain about service is reliable,0.2755,positive
a7a453a8-012e-419d-93f4-f0569692d9dc,Brian Wallace,https://play-lh.googleusercontent.com/a/ACg8ocI_OEANOIbbGw1zTsBz1aMhE-VIByxH7nbrvQANgcu-QH_qdg=mo,beautiful programing the odd glitch but it's my favourite app by far,5,0,9.0.62.622,2025-07-24 12:44:01,,,9.0.62.622,beautiful programing the odd glitch but it's my favourite app by far,beautiful programing the odd glitch but its my favourite app by far,0.2023,positive
9716e09b-6621-41b0-9f78-2d2ec381137f,Pablito Aparici II,https://play-lh.googleusercontent.com/a-/ALV-UjVitnObFmxnyEuWvPt5H20qU3xKlkqGcxZpjHuRq2cELRFXrl1I,user friendly,5,0,9.0.62.622,2025-07-24 11:17:35,,,9.0.62.622,user friendly,user friendly,0.4939,positive
60d227a0-1ed8-4256-bb56-98194c17a705,Dale Kline,https://play-lh.googleusercontent.com/a/ACg8ocLWdOhL1xCLTfDekacV3lkQRHlNI16LLw8LfTOt0wxcCYWL=mo,great,5,0,9.0.62.622,2025-07-24 11:25:29,,,9.0.62.622,great,great,0.6249,positive
d1c3d554-27cf-4f39-a43d-b2f1be344fac,Eshaal Naveed,https://play-lh.googleusercontent.com/a/ACg8ocK124R-c5CV4cmFZlGImnFCPnsJ8x5yuditASO4T7PViQIxUw=mo,amazing app!!üòçüòçüòç,5,0,9.0.62.622,2025-07-24 14:59:03,,,9.0.62.622,amazing app!!üòçüòçüòç,amazing app,0.9244,positive
9ffbc423-d852-4ab8-b42f-e3307ca02ad6,Muvin Kumar,https://play-lh.googleusercontent.com/a-/ALV-UjU7KyTmCybMGi89iYOGWKEEpjA9KT-gigY36AFd10e-dmGZqRM,over ads I don't like üò†üò†,1,0,9.0.62.622,2025-07-24 14:41:13,,,9.0.62.622,over ads I don't like üò†üò†,over ads i dont like,-0.4035,negative
a58b44a8-b5c5-4a36-b104-1128d1994003,Geetha N Thirupallieswaran,https://play-lh.googleusercontent.com/a-/ALV-UjVKXjJM_9qLTz3M-NsN36QO-SOAXZQ4cytk68YeBlPa_tjuuaI,By hearing Spotify songs every day I feel vibe around my self and it makes my day happy,5,0,9.0.62.622,2025-07-24 11:09:26,,,9.0.62.622,By hearing Spotify songs every day I feel vibe around my self and it makes my day happy,by hearing spotify songs every day i feel vibe around my self and it makes my day happy,0.5719,positive
1d8bf559-983f-4069-a4b3-1182d2db2b7a,Jonathan Harrison,https://play-lh.googleusercontent.com/a-/ALV-UjVvUEc_gWM3jHfu4Vxzuc7VZpm6A6Di_K0C_qNt7R9RK7j3uY3BVA,"basically, the app is always offline for like a minute after I open it. sometimes I yell at it. other than that, its works very well as the world consuming machine where I can find things that I once loved",3,1,9.0.62.622,2025-07-24 15:04:28,"Hi. Appreciate the feedback! Can you try doing a quick reinstall and see if it makes a difference with the issue you're encountering? If that doesn't work, we suggest reaching out to our Customer Service at support.spotify.com. Simply search ‚ÄúContact Us‚Äù, and they'll be happy to assist.",2025-07-24 17:11:13,9.0.62.622,"basically, the app is always offline for like a minute after I open it. sometimes I yell at it. other than that, its works very well as the world consuming machine where I can find things that I once loved",basically the app is always offline for like a minute after i open it sometimes i yell at it other than that its works very well as the world consuming machine where i can find things that i once loved,0.807,positive
83fd82b9-212c-45cd-9e8e-c5deca132e06,Khlood magdy,https://play-lh.googleusercontent.com/a/ACg8ocKi1lRTW9Tq2VXk9MXZ6kIoc3wmcrvXMlsfLyel4CGrh2rlFbE=mo,ü§Æü§¢ü§¢ü§¢ü§¢,1,0,9.0.62.622,2025-07-24 14:32:57,,,9.0.62.622,ü§Æü§¢ü§¢ü§¢ü§¢,,0.0,neutral
7a663a66-9c2d-4a2b-9e04-c88697b6d4e0,Bob Franklin,https://play-lh.googleusercontent.com/a/ACg8ocKMhJrfjB2i-rRorTRWteU_P40tlZyMLG5LrPWVQGTC7wwy8Is=mo,"There wasn't a button on the song, so I guess this is the place to tell them about an audio bug that brain stew begins with faded in guitar each time the guitar comes in suddenly, unless other audio parts are present. Have a listen",1,0,9.0.62.622,2025-07-24 13:36:32,"Hi! We recommend contacting our Customer Service so they can have a look at this. To contact our Customer Service, search ‚ÄúContact Us‚Äù at support.spotify.com.",2025-07-24 16:45:14,9.0.62.622,"There wasn't a button on the song, so I guess this is the place to tell them about an audio bug that brain stew begins with faded in guitar each time the guitar comes in suddenly, unless other audio parts are present. Have a listen",there wasnt a button on the song so i guess this is the place to tell them about an audio bug that brain stew begins with faded in guitar each time the guitar comes in suddenly unless other audio parts are present have a listen,0.0,neutral
9e15ae5c-c494-4d40-9dc2-4c40dce67631,Renada Safy,https://play-lh.googleusercontent.com/a/ACg8ocKoROzG8K7oPN-EnD5yrHGmq-ImrMuBn6tQq4JKXqoH1Mhcdg=mo,ÿßŸÉÿ™ÿ± ÿßÿ®ŸÑŸäŸÉÿ¥ŸÜ ÿ≥ÿ¶,1,0,9.0.62.622,2025-07-24 12:40:34,,,9.0.62.622,ÿßŸÉÿ™ÿ± ÿßÿ®ŸÑŸäŸÉÿ¥ŸÜ ÿ≥ÿ¶,,0.0,neutral
46e6e6b5-99f4-4e6c-82ef-97d14ebf1a1a,Roman Svitlovskyi (svtlvsk),https://play-lh.googleusercontent.com/a-/ALV-UjViOTgwnmb8CapidYUCQyuZysgJU6xARIC93cRCDlRinGnscnC_Iw,"No lyrics on the tablet version. UPD. No, you don't get it. when the app is in the vertical orientation - lyrics are present, but in the landscape mode it's not possible to scroll the view. This is the issue!",1,0,9.0.62.622,2025-07-24 11:54:15,"Hi. We're open to feedback, and we'd love to get some more info about this. If you have the time, give our Customer Service a shout. You can find them by heading to support.spotify.com and searching ""Contact us"".",2025-07-24 12:34:41,9.0.62.622,"No lyrics on the tablet version. UPD. No, you don't get it. when the app is in the vertical orientation - lyrics are present, but in the landscape mode it's not possible to scroll the view. This is the issue!",no lyrics on the tablet version upd no you dont get it when the app is in the vertical orientation lyrics are present but in the landscape mode its not possible to scroll the view this is the issue,-0.2244,negative
8112ce2b-7590-4334-b883-24ff75088ea5,Pawe≈Ç Sidor,https://play-lh.googleusercontent.com/a-/ALV-UjUWabQ-ww68nXfPf05za_XHxgCvExqx0sVNNZoyGAR4nPhPjvON,I dont like that paying thing but once i did that i must say it's very nice,5,0,9.0.62.622,2025-07-24 15:00:29,,,9.0.62.622,I dont like that paying thing but once i did that i must say it's very nice,i dont like that paying thing but once i did that i must say its very nice,0.5551,positive
29a89979-0850-4520-8d1f-f5a6594dc55d,Avery,https://play-lh.googleusercontent.com/a-/ALV-UjXs4tjeo4PcIjSC8qoPXtYP69fQt9r2NonUYV2u-N7-4a1q7adu,"UI is smooth, app works and rarely has updates, price is fair for anyone using it more than 3 times a week. Only thing I'd like them to add is a way to look at the history of songs played. So I don't have to just backspace 30 times to get to a song I heard while listening to suggested auto play.",5,0,9.0.62.622,2025-07-24 12:23:30,,,9.0.62.622,"UI is smooth, app works and rarely has updates, price is fair for anyone using it more than 3 times a week. Only thing I'd like them to add is a way to look at the history of songs played. So I don't have to just backspace 30 times to get to a song I heard while listening to suggested auto play.",ui is smooth app works and rarely has updates price is fair for anyone using it more than 3 times a week only thing id like them to add is a way to look at the history of songs played so i dont have to just backspace 30 times to get to a song i heard while listening to suggested auto play,0.8225,positive
9f9c4e0e-744a-407d-9bd4-17edc0c4f3cc,jay conwy,https://play-lh.googleusercontent.com/a/ACg8ocLwptBfDjh4o7LcOOmm_mXgomATd5AiOODNs-lCI83FqjDGqA=mo,very good,5,0,9.0.62.622,2025-07-24 15:19:57,,,9.0.62.622,very good,very good,0.4927,positive
c0b60181-ecaf-4cda-bf1e-1c0a5ca1ceb8,Josh,https://play-lh.googleusercontent.com/a/ACg8ocKYCBr-uLQ3CN9WwE2w5fGqd6STnh38gQrx9C17qd6Q6eoqJ1M=mo,"Smart Shuffle fixed awesome, thank you. When I open app after closing it fully, my queue forgets the shuffle and repeats the same 20-40 songs, whats that about?",4,1,9.0.62.622,2025-07-24 11:42:14,,,9.0.62.622,"Smart Shuffle fixed awesome, thank you. When I open app after closing it fully, my queue forgets the shuffle and repeats the same 20-40 songs, whats that about?",smart shuffle fixed awesome thank you when i open app after closing it fully my queue forgets the shuffle and repeats the same 2040 songs whats that about,0.8519,positive
c30978ca-416c-43ae-a078-e2f87292b9b8,A Google user,https://play-lh.googleusercontent.com/EGemoI2NTXmTsBVtJqk8jxF9rh8ApRWfsIMQSt2uE4OcpQqbFu7f7NbTK05lx80nuSijCz7sc3a277R67g,"Ok...so I liked this app and would give it more stars...if the app did what you wanted. Without premium, the ads are too frequent and and the playlists dont actually play the songs that are on the playlist. Instead, it goes out of its way to find as many ""suggested"" songs that aren't part of what you want to listen to, and it won't go back to the original playlist no matter what I've tried. The same goes for the artist playlist suddenly playing other artists out of nowhere.",2,0,9.0.62.622,2025-07-24 13:17:09,,,9.0.62.622,"Ok...so I liked this app and would give it more stars...if the app did what you wanted. Without premium, the ads are too frequent and and the playlists dont actually play the songs that are on the playlist. Instead, it goes out of its way to find as many ""suggested"" songs that aren't part of what you want to listen to, and it won't go back to the original playlist no matter what I've tried. The same goes for the artist playlist suddenly playing other artists out of nowhere.",okso i liked this app and would give it more starsif the app did what you wanted without premium the ads are too frequent and and the playlists dont actually play the songs that are on the playlist instead it goes out of its way to find as many suggested songs that arent part of what you want to listen to and it wont go back to the original playlist no matter what ive tried the same goes for the artist playlist suddenly playing other artists out of nowhere,0.6237,positive
0713071c-9f0b-462a-99c1-ce3928d14dcf,kyangkyang_ gani,https://play-lh.googleusercontent.com/a/ACg8ocLp4O50cUL74FhrKM0Pf0YGuEWerx4ouSmzzKQCOTCbFSEI1g=mo,how to download music in this app with out premium,5,0,9.0.62.622,2025-07-24 13:20:54,,,9.0.62.622,how to download music in this app with out premium,how to download music in this app with out premium,0.0,neutral
48dd9ca3-19aa-4438-9061-66c334c7ccd1,DAISY COVARRUBIAS,https://play-lh.googleusercontent.com/a-/ALV-UjXCQ9DKVSJ_cxF56e8TNUfaSvQ4fJRtcaND9fEVBBBcog4l9SbAmA,Bought Spotify premium. best thing there is,5,0,9.0.62.622,2025-07-24 12:18:29,,,9.0.62.622,Bought Spotify premium. best thing there is,bought spotify premium best thing there is,0.6369,positive
a21117c0-4379-46dd-b2e6-e4a96e736543,Nayant Kumar,https://play-lh.googleusercontent.com/a/ACg8ocKK306cu1fTn6b1VJ-2z6-FB-z497x5jqMqxoU1RV-es2YkwQ=mo,ff lovers üíùüíù,5,0,9.0.62.622,2025-07-24 13:27:51,,,9.0.62.622,ff lovers üíùüíù,ff lovers,0.9393,positive
971c40bf-2379-44e5-8497-869c8f716083,Cat.,https://play-lh.googleusercontent.com/a-/ALV-UjUdzrbDIaJuQulpz2W5qHM2xizHKoGryiI84z6pBrhsICoYDPo,love this app!,5,0,9.0.62.622,2025-07-24 12:14:22,,,9.0.62.622,love this app!,love this app,0.6696,positive
8bd0a2a6-58fd-40d1-8d45-05eceb9d0b81,Dylan McLean,https://play-lh.googleusercontent.com/a-/ALV-UjUXLQwDJ3t81mVAjHcPImxEANzCg1GfUmJN2VWhK1Uzs2145Zrc,Big rich company who doesn't support or care about their users,1,1,9.0.62.622,2025-07-24 13:00:58,,,9.0.62.622,Big rich company who doesn't support or care about their users,big rich company who doesnt support or care about their users,-0.0736,negative
ddc0033b-0857-4067-8813-1fddfe88eec6,Pradeep Sati,https://play-lh.googleusercontent.com/a/ACg8ocIpsOC0epdVcTGJR7CGmj-kPVF9OjclCievWp2Nm0NkZEvXCA=mo,Great üëç,5,0,9.0.62.622,2025-07-24 15:18:33,,,9.0.62.622,Great üëç,great,0.6249,positive
9e625484-dd45-4a68-bd99-7fa958fc00ad,Francisco Claudio,https://play-lh.googleusercontent.com/a/ACg8ocIg1OB9tVS7-PQOoeQrxaiLmNj0guGgC8h66gsBU15fzzpvbw=mo,"I enjoy listening throughout the day, it's easy, fast to add or look up a song. It's great!",5,0,9.0.62.622,2025-07-24 12:25:16,,,9.0.62.622,"I enjoy listening throughout the day, it's easy, fast to add or look up a song. It's great!",i enjoy listening throughout the day its easy fast to add or look up a song its great,0.8883,positive
dc1be8c9-ace3-446c-8737-7e4d2cde668a,Eddie Shilaluke,https://play-lh.googleusercontent.com/a/ACg8ocIDHldXIMFPzgFgCRjpgVxEzpMrzJdMmKBAIYavcwoBlhliaw=mo,"I chose to hear an artist, but after three or four songs, I heard different artists that I never chose, why because this is irritating ü§î when I select joe Thomas I should listen to him till I change myself.",1,0,9.0.62.622,2025-07-24 11:46:55,,,9.0.62.622,"I chose to hear an artist, but after three or four songs, I heard different artists that I never chose, why because this is irritating ü§î when I select joe Thomas I should listen to him till I change myself.",i chose to hear an artist but after three or four songs i heard different artists that i never chose why because this is irritating when i select joe thomas i should listen to him till i change myself,-0.6124,negative
bef21d7e-73e4-4b25-93dc-9c124d8674a9,Robert Snyder,https://play-lh.googleusercontent.com/a/ACg8ocI7P-gwXPqCyydwJU_JD7Gyx6e04yVdo6EipFgHje7ecSeDag=mo,"ive used this app for over a decade, and this new version is nearly unusable. ads will play regardless of premium status, lags are completely CONSTANT even with solid connection. when listening to a podcast the app will randomly shuffle to different episodes, like ep 395 swipes next to ep 412, swiping back takes you to Ep. 200... It's just garbage. the app is garbage. I probably won't renue my premium this time, as the app IS APP IS SO BAD I CANT USE IT ANYMORE. So congrats and hats off team!",2,0,9.0.62.622,2025-07-24 13:33:36,,,9.0.62.622,"ive used this app for over a decade, and this new version is nearly unusable. ads will play regardless of premium status, lags are completely CONSTANT even with solid connection. when listening to a podcast the app will randomly shuffle to different episodes, like ep 395 swipes next to ep 412, swiping back takes you to Ep. 200... It's just garbage. the app is garbage. I probably won't renue my premium this time, as the app IS APP IS SO BAD I CANT USE IT ANYMORE. So congrats and hats off team!",ive used this app for over a decade and this new version is nearly unusable ads will play regardless of premium status lags are completely constant even with solid connection when listening to a podcast the app will randomly shuffle to different episodes like ep 395 swipes next to ep 412 swiping back takes you to ep 200 its just garbage the app is garbage i probably wont renue my premium this time as the app is app is so bad i cant use it anymore so congrats and hats off team,0.086,positive
9ef2b8df-ed05-4e22-87bc-d2c3af8ef6c0,Shobhit Singh,https://play-lh.googleusercontent.com/a/ACg8ocICLC1-mMG8Yxd2DuUz0kvk978ZkWbvrnSEWpoeY3xHd9cEE1g=mo,wonderful app love it,5,0,9.0.62.622,2025-07-24 13:11:00,,,9.0.62.622,wonderful app love it,wonderful app love it,0.836,positive
bf0fca28-aec6-4d2f-8eb4-6e67a8b332cf,Tynah Brooks,https://play-lh.googleusercontent.com/a-/ALV-UjXaSIS8_B5A0cTqmXJyDCkFrwSK-NQ3tktDfKDlOlDk1DMpD2kc,I have had the same account and playlists since 2008. The price of the subscription has not gone up much. There has been very few bugs over the years. Other apps I have tried did not save my playlists when I couldn't pay for my offline subscription. I highly recommend,4,0,9.0.62.622,2025-07-24 13:27:00,,,9.0.62.622,I have had the same account and playlists since 2008. The price of the subscription has not gone up much. There has been very few bugs over the years. Other apps I have tried did not save my playlists when I couldn't pay for my offline subscription. I highly recommend,i have had the same account and playlists since 2008 the price of the subscription has not gone up much there has been very few bugs over the years other apps i have tried did not save my playlists when i couldnt pay for my offline subscription i highly recommend,-0.0101,neutral
263418c9-e21a-4825-94f3-e62b61426a44,ŸÖÿ≠ŸÖÿØÿ¥ŸÉÿ±Ÿä ÿßÿ®ÿ±ÿßŸáŸäŸÖ ÿ≠ÿ≥ŸÜŸäŸÜ ÿ≠ÿ≥ŸÜŸäŸÜ,https://play-lh.googleusercontent.com/a/ACg8ocIUhJhRyMUxT_2X1JVB8OwVa21HCNaOOo5hc7oHfLt2Be_usQ=mo,so bad,1,0,9.0.62.622,2025-07-24 12:06:58,,,9.0.62.622,so bad,so bad,-0.5849,negative
ce616a80-dbb0-4154-bce4-2afedd1579b0,John Lacek,https://play-lh.googleusercontent.com/a/ACg8ocKn6Ii5BqCsr6k57dw6oLRQgHBdB_qney8Vr9j3hmk8cGQPKw=mo,"DJ X was a good idea, but like everything that Spotify does, the execution was terrible. I really don't need (definitely not) Sway playing the same 25 songs over and over and over.",1,4,9.0.62.622,2025-07-24 11:22:35,,,9.0.62.622,"DJ X was a good idea, but like everything that Spotify does, the execution was terrible. I really don't need (definitely not) Sway playing the same 25 songs over and over and over.",dj x was a good idea but like everything that spotify does the execution was terrible i really dont need definitely not sway playing the same 25 songs over and over and over,-0.6274,negative
4c206a44-2f47-4de2-a3ab-1eb5ebb389b4,Kelvin Obasogie,https://play-lh.googleusercontent.com/a-/ALV-UjWaDdDWZh-h-1cv7B8oAQIIW5FH6OQci2AepL1Sfy65G9lEAdXX,best,5,0,9.0.62.622,2025-07-24 13:11:15,,,9.0.62.622,best,best,0.6369,positive
d662be10-3b93-476b-8893-71e2c1c97448,sibonginkosi ncube,https://play-lh.googleusercontent.com/a-/ALV-UjXio24ZRwbRDWquZAcUa205_BJ_R-NDu15iTDSmXQWrx1-IFjyf,10/10 love it good for when working,5,0,9.0.62.622,2025-07-24 12:35:22,,,9.0.62.622,10/10 love it good for when working,1010 love it good for when working,0.7964,positive
8df09a16-c470-4339-9cb6-7eda228b2895,Rafia Akram,https://play-lh.googleusercontent.com/a-/ALV-UjUgVaVngaEwwmmaoT4GgRp85JdjkJfK5WZGcASW66zCOeXMrb0,üòé cool,5,0,9.0.62.622,2025-07-24 13:51:30,,,9.0.62.622,üòé cool,cool,0.6486,positive
e555f7e5-57e9-45ca-8a79-117625281a8a,Jayvon Bentley,https://play-lh.googleusercontent.com/a-/ALV-UjV8pJalQDVV8iWBaNmMZQmKXN8YbNFMBsKtGKANLMqhv2yz1kPY,"Spotify has always been my #1 App For music, good selections of music, various categories, and an algorithm that understands your music tastes better than other competitors. Since The Release Of ""DJ X"" their AI DJ that pulls songs you like and puts them in an automatic playlist, DJ get better the more you use it. it also exposes you to new music and artists you may not know about. it's good at picking what it thinks you'd like to hear. 10/10 keep improving DJ X. It's amazing!üëèüèæ",5,0,9.0.62.622,2025-07-24 11:06:18,,,9.0.62.622,"Spotify has always been my #1 App For music, good selections of music, various categories, and an algorithm that understands your music tastes better than other competitors. Since The Release Of ""DJ X"" their AI DJ that pulls songs you like and puts them in an automatic playlist, DJ get better the more you use it. it also exposes you to new music and artists you may not know about. it's good at picking what it thinks you'd like to hear. 10/10 keep improving DJ X. It's amazing!üëèüèæ",spotify has always been my 1 app for music good selections of music various categories and an algorithm that understands your music tastes better than other competitors since the release of dj x their ai dj that pulls songs you like and puts them in an automatic playlist dj get better the more you use it it also exposes you to new music and artists you may not know about its good at picking what it thinks youd like to hear 1010 keep improving dj x its amazing,0.9682,positive
0ac126b8-989d-406c-af1d-2e2c3a365b67,Pushpa Devi,https://play-lh.googleusercontent.com/a/ACg8ocIU6evyrRdI_swGfJBRmgEHwuBc75AL0WjKxip4bLofxisraQ=mo,we can't get lyrics for all songs,4,0,9.0.62.622,2025-07-24 13:10:40,,,9.0.62.622,we can't get lyrics for all songs,we cant get lyrics for all songs,0.0,neutral
a171cd32-17dd-445a-9f18-fbb5055e9e88,SINGARPU ANNAPOORNA,https://play-lh.googleusercontent.com/a/ACg8ocIAQCWiyejFE8fNF431c8lgPlli2OEM5iPKtUnInBgWQALD7cA=mo,good,5,0,9.0.62.622,2025-07-24 12:53:43,,,9.0.62.622,good,good,0.4404,positive
4ced0994-1145-4c33-a665-4d04db0fe49c,Revallent Hutapea,https://play-lh.googleusercontent.com/a/ACg8ocLJjftWXHy1XDJIgRSaIK510n7GCI7jY4F75bdYxHTaDEFPqg=mo,üëçüëå,5,0,9.0.62.622,2025-07-24 11:19:36,,,9.0.62.622,üëçüëå,,0.7297,positive
85be515b-379d-47a5-ac11-a2efeaaf8f59,Claud Robertson,https://play-lh.googleusercontent.com/a/ACg8ocJDqDbkLobietSGu1Po9wTwRSX6zr4AkvKvgCZEiTai6L8kJQ=mo,let us get to change recently played,4,0,9.0.62.622,2025-07-24 13:37:42,"Hi! We'd recommend adding this to our 'Ideas Board' over at community.spotify.com. Just head to the Menu > Ideas. Others will then be able to vote or add to the conversation to show their support. We're always looking to add some new features, so we'd love to hear what the community thinks of this.",2025-07-23 17:37:41,9.0.62.622,let us get to change recently played,let us get to change recently played,0.34,positive
ee62cd13-77da-4221-acee-d27cc56db092,I like Anime,https://play-lh.googleusercontent.com/a-/ALV-UjXWdRFqsl0JWAj-dfMzGlgLfoVpbG2RQeB8hUyk3BZ8eoVPjfSz,I wanted to buy a student premium plan of Rs.59 pet month when I try to complete the payment through an UPI app Spotify is sending me a payment request of Rs.119 and sometimes even Rs.499. What is happening ? ü§¨üò° Are you guys at Spotify drunk or what ?,1,0,9.0.62.622,2025-07-24 14:02:51,"Hi! We recommend contacting our Customer Service so they can look into this for you. To reach our Customer Service, search ‚ÄúContact Us‚Äù at support.spotify.com.",2025-07-24 16:52:52,9.0.62.622,I wanted to buy a student premium plan of Rs.59 pet month when I try to complete the payment through an UPI app Spotify is sending me a payment request of Rs.119 and sometimes even Rs.499. What is happening ? ü§¨üò° Are you guys at Spotify drunk or what ?,i wanted to buy a student premium plan of rs59 pet month when i try to complete the payment through an upi app spotify is sending me a payment request of rs119 and sometimes even rs499 what is happening are you guys at spotify drunk or what,-0.4137,negative
94bb6794-e894-4c3e-b072-b08587d6b40b,mythili mythilirg,https://play-lh.googleusercontent.com/a-/ALV-UjVLbYMOFS6rymW_KpbVq9eamTgsPacZ5Cq2dkThnmwryw7pzjM,All songs are sweet to listen üëÇ,5,0,9.0.62.622,2025-07-24 11:15:47,,,9.0.62.622,All songs are sweet to listen üëÇ,all songs are sweet to listen,0.4588,positive
c866c872-d28a-480d-84eb-e54d3cef9f78,Atharva More,https://play-lh.googleusercontent.com/a-/ALV-UjUVlknVziKvnKl-CknrFbFoosijg8iA9YymcQ9huOS7KzoNB_4,"only good of you buy premium , if not you're better off with you tube music with more variety with sped up and slowed down and reverb music",1,0,9.0.62.622,2025-07-24 15:07:18,,,9.0.62.622,"only good of you buy premium , if not you're better off with you tube music with more variety with sped up and slowed down and reverb music",only good of you buy premium if not youre better off with you tube music with more variety with sped up and slowed down and reverb music,0.1265,positive
ef2fc5f7-6b4f-4449-ab1b-37f30fd65b67,THABISO MATSEKE,https://play-lh.googleusercontent.com/a/ACg8ocK7UP7Pf76f4mBLxwYbSW2FmAQLnN3aDHaUp7dz5oBjWlbX7w=mo,Very good but can you please drop the premium price a little bit please,5,0,9.0.62.622,2025-07-24 13:20:06,,,9.0.62.622,Very good but can you please drop the premium price a little bit please,very good but can you please drop the premium price a little bit please,0.6032,positive
fcad4df5-8b4a-4b93-bace-7e44266b43d2,Jetharam Parihar,https://play-lh.googleusercontent.com/a-/ALV-UjVnfO5cj7P8ot_VaeEkzZ7UynvOae2FBossTi5PUg4NaeLh9xfd,very good üëç,5,0,9.0.62.622,2025-07-24 14:23:27,,,9.0.62.622,very good üëç,very good,0.4927,positive
2e8e83a6-549b-4e44-bbfb-411695ddc01b,ÿ¢ŸÑÿßÿ° ÿ≠ÿ≥ŸÜ,https://play-lh.googleusercontent.com/a-/ALV-UjWwj4q2VhhM-R5PWh9q2a4-3xZhL5T5ebBRvcQveZXQbkg_mttU,a bad application,1,0,9.0.62.622,2025-07-24 15:07:11,,,9.0.62.622,a bad application,a bad application,-0.5423,negative
998efbf0-13bb-4666-8ef1-48110fff2f40,Keith Pifer,https://play-lh.googleusercontent.com/a/ACg8ocIRlVkNOLafrP3Lhb2bn-Wy7U-Iu6KUb-FT10kZNBF5AMeiig=mo,love this app. been using it for years,5,0,9.0.62.622,2025-07-24 14:21:18,,,9.0.62.622,love this app. been using it for years,love this app been using it for years,0.6369,positive
4706a045-4808-41b4-9adb-04396fc02974,dr.vijaybaligar baligar,https://play-lh.googleusercontent.com/a/ACg8ocKK-7IDYYwXx4WQVlH1_ft0W3VbkdHr-KttBcshs-q6WTcnyQ=mo,futuristic,5,0,9.0.62.622,2025-07-24 11:30:49,,,9.0.62.622,futuristic,futuristic,0.0,neutral
40ad2a21-5489-4dc5-b67e-6a6059358087,Mary Harding,https://play-lh.googleusercontent.com/a/ACg8ocK380pPzkCXO0rFsjG778qvmjnnvz0VBZOJWW7PhR66oSZ7C6A=mo,excellent music quality with vast genres to choose from,5,0,9.0.62.622,2025-07-24 11:36:15,,,9.0.62.622,excellent music quality with vast genres to choose from,excellent music quality with vast genres to choose from,0.5719,positive
39c1fd2f-a803-42cd-83db-c5bac3a6e6f3,A scowen,https://play-lh.googleusercontent.com/a/ACg8ocKio7GtXRuyuOAjMGnNDB-vJ6ux0oE0uK2ddilk_27K_jdVVA=mo,"best music choice track, great playlists, vast artist album, single collection",5,0,9.0.62.622,2025-07-24 12:10:55,,,9.0.62.622,"best music choice track, great playlists, vast artist album, single collection",best music choice track great playlists vast artist album single collection,0.8519,positive
0d0e1b93-3fc5-4399-a670-917402d2c3a8,LaRoy Chase,https://play-lh.googleusercontent.com/a-/ALV-UjXMpDsYe1g9qv-yllHVVti2qUokHcUJddMdTp6geuNh69D8g1Aw,"Love the app. The only thing it's missing is the artist's mixtape-type songs. They'll be songs released that Spotify won't have, but you can easily find them on YouTube.",4,0,9.0.62.622,2025-07-24 11:13:59,,,9.0.62.622,"Love the app. The only thing it's missing is the artist's mixtape-type songs. They'll be songs released that Spotify won't have, but you can easily find them on YouTube.",love the app the only thing its missing is the artists mixtapetype songs theyll be songs released that spotify wont have but you can easily find them on youtube,0.6249,positive
06839445-b97d-4c11-8817-ce09985c4730,David,https://play-lh.googleusercontent.com/a/ACg8ocK8QnjjFwo58AyMORepMh3ESlDjiUX9qIvAT_UCxYPhi_vCzQ=mo,when I put on a song it does a different song,2,1,9.0.62.622,2025-07-24 12:36:05,,,9.0.62.622,when I put on a song it does a different song,when i put on a song it does a different song,0.0,neutral
fca5ce72-e32d-4a22-a8ac-edfea3b001c2,KDKING,https://play-lh.googleusercontent.com/a-/ALV-UjU8X5YM5m7S1XSkC1XRXiIcEnxknPui95jIoWRZr_S0jv9dxbQl,I can't play A PLAYLIST IT PLAYS A DIFFERENT SONG!,1,0,9.0.62.622,2025-07-24 12:11:33,"Hi. If you‚Äôre on our free service, you can only shuffle music except on certain Spotify playlists such as those Made for You. To have full control over listening, we'd recommend checking out our Premium plans. If you've never had Premium before, you should be eligible for our trial. You can also see our other deals by visiting spotify.com/premium.",2025-07-24 12:33:54,9.0.62.622,I can't play A PLAYLIST IT PLAYS A DIFFERENT SONG!,i cant play a playlist it plays a different song,0.2474,positive
7be20c4f-e9dc-493a-afde-be027b1a79ae,Ugo Chinaza Obed,https://play-lh.googleusercontent.com/a-/ALV-UjXELmaii2e-m19I90p7NspRZ_B-uBt0PpdXItEodWayb3O9TExn,I'm not really happy about what's going on with my Spotify account I can't imagine after subscription I made sometimes it will just disappear and I can't find my account anymore both my like song and subscription everything will just vanish please my apologies but you guys should know what to do about it I'm not happy about it honestly speaking üò°üíîüíî,5,0,9.0.62.622,2025-07-24 12:19:34,,,9.0.62.622,I'm not really happy about what's going on with my Spotify account I can't imagine after subscription I made sometimes it will just disappear and I can't find my account anymore both my like song and subscription everything will just vanish please my apologies but you guys should know what to do about it I'm not happy about it honestly speaking üò°üíîüíî,im not really happy about whats going on with my spotify account i cant imagine after subscription i made sometimes it will just disappear and i cant find my account anymore both my like song and subscription everything will just vanish please my apologies but you guys should know what to do about it im not happy about it honestly speaking,0.6304,positive
da4d08bc-d7fc-48d2-9062-ae5c6d352be9,Zindagi,https://play-lh.googleusercontent.com/a/ACg8ocJ7WvPuWS2cvPXckzEXgnhXcnFwpPXIAcNP3msKyOb1FFBTww=mo,‚ò∫Ô∏èüëç,5,0,9.0.62.622,2025-07-24 15:11:57,,,9.0.62.622,‚ò∫Ô∏èüëç,,0.4588,positive
3e8ae8e1-6a45-41fe-8dd5-36b814fd55b1,Hxhddj Nfndjd,https://play-lh.googleusercontent.com/a/ACg8ocKC70RCojlcf49qgVA1AAJVtDTHfJ3aEIC82k9-3viO1-DJKw=mo,ÿßŸÑÿ®ÿ±ŸÜÿßŸÖÿ¨ ÿ≤ŸÅÿ™,1,0,9.0.62.622,2025-07-24 14:25:02,,,9.0.62.622,ÿßŸÑÿ®ÿ±ŸÜÿßŸÖÿ¨ ÿ≤ŸÅÿ™,,0.0,neutral
8c259ae7-90e9-496c-8369-993900e5a1fe,Allison Evoy-Churchill,https://play-lh.googleusercontent.com/a-/ALV-UjW7mnWBwUoz5gs1zFmT5Q4OtJvfrKcLFbYWhr4F03dJn-7BAGjG,No issues with my account. Listen to my music mainly through Spotify,5,0,9.0.62.622,2025-07-24 13:09:09,,,9.0.62.622,No issues with my account. Listen to my music mainly through Spotify,no issues with my account listen to my music mainly through spotify,-0.296,negative
dbba74db-e870-41f1-8f11-8e0cdd3c6a9d,Dusty Carnes,https://play-lh.googleusercontent.com/a-/ALV-UjW-gyi7-IsG8jqoRO2nFaLw4UtHnw6H-0lmyAcabSM5bDoZW-4,excellent üëå,5,0,9.0.62.622,2025-07-24 12:40:43,,,9.0.62.622,excellent üëå,excellent,0.87,positive
63f75c95-4dfe-411f-b02b-d8b8a3eb7430,Jack Layton,https://play-lh.googleusercontent.com/a-/ALV-UjUvQlDyLv2gYR8QyleRjVhtH28FIXHk28C9K3dt9OxhrXZ6fa0,itd the goat,5,0,9.0.62.622,2025-07-24 11:22:06,,,9.0.62.622,itd the goat,itd the goat,0.0,neutral
1ab94be3-92bd-43d2-a896-d8e80b414b68,Doda Ahmed,https://play-lh.googleusercontent.com/a/ACg8ocI3IYmHUpNW-RgiVMWK_Z6gtPUAjf4CZKFn33RfNxymNB8oHA=mo,"Very bad, I advise you not to download it at all",1,0,9.0.62.622,2025-07-24 14:36:57,,,9.0.62.622,"Very bad, I advise you not to download it at all",very bad i advise you not to download it at all,-0.5849,negative
3fe90bd8-62de-4e8e-a2ee-cd4f4935c467,YOGITA PATIL,https://play-lh.googleusercontent.com/a-/ALV-UjVMEq88JpqWERKufk8aBeXUTEuEKjk9Tc-ynL5S8k-2JONruMY,superb ‚ù§Ô∏è,4,0,9.0.62.622,2025-07-24 12:00:20,,,9.0.62.622,superb ‚ù§Ô∏è,superb,0.6249,positive
aad0e383-94d4-4e73-8719-05e0a842795f,S Shreyesh,https://play-lh.googleusercontent.com/a/ACg8ocK64mUujX3OlXu99ahWLyIw54-bMDwCOQwFVFsQrtPFQmcsQw=mo,"Was working fine till updates. Now its unusable. Can play, can't select, can't skip, can't save. Even unable to pause and won't close and open properly. Must pay for all basic functions and the review for paid services not good at all. Dont waste your time with this",1,0,9.0.62.622,2025-07-24 13:20:29,,,9.0.62.622,"Was working fine till updates. Now its unusable. Can play, can't select, can't skip, can't save. Even unable to pause and won't close and open properly. Must pay for all basic functions and the review for paid services not good at all. Dont waste your time with this",was working fine till updates now its unusable can play cant select cant skip cant save even unable to pause and wont close and open properly must pay for all basic functions and the review for paid services not good at all dont waste your time with this,0.6034,positive
885bdf67-590f-43a4-924e-8f574e5a8545,Rick,https://play-lh.googleusercontent.com/a/ACg8ocLxzY-izWMuHhcNKRxqfGwjK7oWgtzXf5R7T2lGaPzmpAqvBw=mo,Much love. Great app,5,0,9.0.62.622,2025-07-24 11:31:14,,,9.0.62.622,Much love. Great app,much love great app,0.8519,positive
86bd525e-a5d8-481c-a10a-9eed4ac1078d,Temple Orji,https://play-lh.googleusercontent.com/a/ACg8ocK1r-VUtC5_54gOBtfAeztr97bH3a0GfZ2zmBIcssvGQ0xzKQ=mo,"Good beat,I love Spotify",5,0,9.0.58.596,2025-07-24 14:25:03,,,9.0.58.596,"Good beat,I love Spotify",good beati love spotify,0.7964,positive
99c57885-5417-45e2-ba8f-eed05978cfeb,Cathedral Moore,https://play-lh.googleusercontent.com/a-/ALV-UjV7aVgcSv_NE93m9lfso171TRSLAiUFJNgMBCAOfsBaK2be3q8,i love spotifyyy,5,0,9.0.58.596,2025-07-24 12:13:23,,,9.0.58.596,i love spotifyyy,i love spotifyyy,0.6369,positive
402b9fda-3014-4495-8f82-bf6762679393,Nikhat Perween,https://play-lh.googleusercontent.com/a/ACg8ocIlIqpT9kJ1fXzYZund48QuoD5Km9cOl0Pcq6_Rdg5h4QEUqg=mo,lovely,5,0,9.0.58.596,2025-07-24 14:28:45,,,9.0.58.596,lovely,lovely,0.5859,positive
69605d13-5c1f-43f1-8aca-c62bf344060a,Danladi Nangba,https://play-lh.googleusercontent.com/a/ACg8ocJNdvLYUWRTEZekhBkX8UN_MVP6NuXr3ZSe9Lr5f3f7sx1V=mo,best,5,0,9.0.58.596,2025-07-24 11:02:18,,,9.0.58.596,best,best,0.6369,positive
bfc24591-a35f-4ab9-a603-f8355b0d8f99,Steph YourBeautyAdvisor,https://play-lh.googleusercontent.com/a/ACg8ocIB09NaJs4YipmT1mmd11976O1bR-ZA4XY3dsqtk2fsqn_Mkg=mo,love it !!! ‚ù§,5,0,9.0.58.596,2025-07-24 13:41:37,,,9.0.58.596,love it !!! ‚ù§,love it,0.8827,positive
abcaf046-f934-4601-a51f-7911518af228,Lucky Uduku,https://play-lh.googleusercontent.com/a/ACg8ocJhnwO5Hr6_QRz7lHcvl7_Z-UuNqI2gDMCEN-jkNl2FXFdpkw=mo,Absolutely Awesome üëçüèæüòé,5,0,9.0.58.596,2025-07-24 13:33:57,,,9.0.58.596,Absolutely Awesome üëçüèæüòé,absolutely awesome,0.8122,positive
a01ce554-d5ee-43ce-a8dc-98497eb93891,Vimal Malviya,https://play-lh.googleusercontent.com/a/ACg8ocKsrIdQqCJfMRgylxD-gdWNoQs0XdPMLMN2KjqnbpaF2L4EnhA=mo,all the features are good but in many songs the lyrics are not there...,3,0,9.0.58.596,2025-07-24 13:40:39,"Hi! The availability of features on Spotify can vary over time, between markets, and across devices depending on the agreements we have in place with our rights holders. Lyrics may not be available on all songs and devices. New lyrics are added every day, so you may find what you‚Äôre looking for in the future.",2025-07-24 16:47:23,9.0.58.596,all the features are good but in many songs the lyrics are not there...,all the features are good but in many songs the lyrics are not there,0.2382,positive
245f348d-4e30-452f-9f8c-dff0b0208527,Subramanian.M,https://play-lh.googleusercontent.com/a-/ALV-UjWi8PvLDemrz5J3IMlP_EpJnMRyQl4aay_eLSou07OCnboljgH5,It's good to have a Buddy to sing with me,5,0,9.0.58.596,2025-07-24 11:12:15,,,9.0.58.596,It's good to have a Buddy to sing with me,its good to have a buddy to sing with me,0.4404,positive
ce1dec22-4bdb-4f9e-a864-2a4ea5cc7931,senzo ngubane,https://play-lh.googleusercontent.com/a-/ALV-UjV4ILmetShSt8ZTVKVLJuUk8UQuTy07OaRIcNB1usFRmDRwsIiG,simple and easy that's why I like it,5,0,9.0.60.614,2025-07-24 14:45:44,,,9.0.60.614,simple and easy that's why I like it,simple and easy thats why i like it,0.6597,positive
c17a3ba0-0a32-4386-8565-1e53c05e0b85,Edward S King,https://play-lh.googleusercontent.com/a/ACg8ocLscvy8oCIDyCYysScCW8PoH7rt2vAjNum0di1LX550xOXNfw=mo,"Spotify is great....it has great playlists, and the experience is amazing......",4,0,9.0.60.614,2025-07-24 14:10:26,,,9.0.60.614,"Spotify is great....it has great playlists, and the experience is amazing......",spotify is greatit has great playlists and the experience is amazing,0.836,positive
4723bd2f-928e-4a40-9596-bf0301cb786c,Mohit Kumar,https://play-lh.googleusercontent.com/a/ACg8ocLBq3-pEoaCZygAAYnWQmUq3wf_jEQWr0aTGe3f3XQrFd75Bw=mo,veryy beautiful app for music bs free krdo mere liye ü•∫,5,0,9.0.60.614,2025-07-24 13:06:22,,,9.0.60.614,veryy beautiful app for music bs free krdo mere liye ü•∫,veryy beautiful app for music bs free krdo mere liye,0.802,positive
ebb975a3-ebed-4c58-a443-9d85bf3c70b3,Sthembele Smile Manqele,https://play-lh.googleusercontent.com/a/ACg8ocLIZOFimzLO59TV19ZJlx-VzKam-q2OTkEtrcglj75NAjD8JA=mo,I like the way this app function it make good thanks I listen every music which I want anytime,5,0,9.0.60.614,2025-07-24 14:02:50,,,9.0.60.614,I like the way this app function it make good thanks I listen every music which I want anytime,i like the way this app function it make good thanks i listen every music which i want anytime,0.8225,positive
b222d584-14b4-4b31-b73a-ff57d5331347,Shivani Jadhav,https://play-lh.googleusercontent.com/a/ACg8ocIpN-IRoNStP1WfcKr0I0wroMFbKS435K7IfMz-8eifRRpBrQ=mo,very nice,5,0,9.0.60.614,2025-07-24 13:15:19,,,9.0.60.614,very nice,very nice,0.4754,positive
b5d58ef4-4aa9-469a-8ea0-1746a97bd19e,Chioma Nwosu,https://play-lh.googleusercontent.com/a/ACg8ocI6MrRWqHuY2Gc8bbUE9ORC6rXUNkGbDz3xftJHDhoUwKRXHQ=mo,perfect,5,0,9.0.60.614,2025-07-24 13:16:20,,,9.0.60.614,perfect,perfect,0.5719,positive
bcdc9ad3-1834-4fa4-bbdb-d53b5e69daa7,Yakup Abrek Er,https://play-lh.googleusercontent.com/a/ACg8ocK438NkvUjGlHHJ4iqrc_c_62RPRJClBw0DdhknbjyCcg-iYQ=mo,best,5,0,9.0.60.614,2025-07-24 15:23:52,,,9.0.60.614,best,best,0.6369,positive
214079eb-90de-4d9e-b371-962d9db0ff1e,Jae Shephard,https://play-lh.googleusercontent.com/a/ACg8ocL8xpGYpYq446NLoA1zXzkqdGN0qeRdoC5mY7tBbjtD4Gvh-g=mo,"I love this app but literally why when I put on a playlist it plays what it wants to play and I mean like stuff that isn't even on my playlist and its actually so annoying, like I don't want to pay for premium idk why yall do this",3,0,9.0.2.459,2025-07-24 11:45:19,,,9.0.2.459,"I love this app but literally why when I put on a playlist it plays what it wants to play and I mean like stuff that isn't even on my playlist and its actually so annoying, like I don't want to pay for premium idk why yall do this",i love this app but literally why when i put on a playlist it plays what it wants to play and i mean like stuff that isnt even on my playlist and its actually so annoying like i dont want to pay for premium idk why yall do this,0.8356,positive
da16018d-8e7f-4328-991b-07edd6b316dd,Farida Hazem,https://play-lh.googleusercontent.com/a/ACg8ocJtd394ExigifKRkZ4lGV-4ZRKkIn7qtEqv6Or4VWlpT41TQTxE=mo,very bad,1,1,9.0.2.459,2025-07-24 11:06:42,,,9.0.2.459,very bad,very bad,-0.5849,negative
06e797dc-316b-48c7-8164-e19f1478af9a,JIKKA DAVIDBRIGHT,https://play-lh.googleusercontent.com/a-/ALV-UjXLD_2I8NjPC3L9fSqbKlIC4FRuUlfqPIdB3ROGvgAP8PfydpA,just the best,5,0,9.0.2.459,2025-07-24 11:00:53,,,9.0.2.459,just the best,just the best,0.6369,positive
f97ce8e2-7730-4a4c-84c4-3c4f36638d08,Fahd Abdelwhab,https://play-lh.googleusercontent.com/a-/ALV-UjVItBVYyH0FcUo379a4eictsUgnPPkU0Sn6pYLMqGO2PXOpYRn_,ÿ≥Ÿäÿ¶,1,0,8.9.76.538,2025-07-24 13:43:53,,,8.9.76.538,ÿ≥Ÿäÿ¶,,0.0,neutral
8230ddc0-894c-49ed-b3e2-b5214304be1f,Ubaha Emmanuel,https://play-lh.googleusercontent.com/a/ACg8ocKyf_6YeU6jNF5Re6ixIqBwYIZwQtO_qJdxntv4TSqrkKavgA=mo,great but I can't get click into pages and it will show for example I click on top 50 Nigeria it will just keep rolling till eternity what might be the problem please,5,0,8.9.76.538,2025-07-24 12:17:43,,,8.9.76.538,great but I can't get click into pages and it will show for example I click on top 50 Nigeria it will just keep rolling till eternity what might be the problem please,great but i cant get click into pages and it will show for example i click on top 50 nigeria it will just keep rolling till eternity what might be the problem please,0.4854,positive
340a63ed-fb66-4dcf-bcd0-3d833e7d045b,Bongi Mbali,https://play-lh.googleusercontent.com/a/ACg8ocJRhvo47J4kwDYHZzF5WNTt7xfXUICXkXl5LlzMrZvGykSY-w=mo,‚ù§‚ù§,4,0,8.9.76.538,2025-07-24 11:57:16,,,8.9.76.538,‚ù§‚ù§,,0.8555,positive
